fold_id,period,prophet_MAE,A_price_only_MAE,B_plus_market_MAE,C_plus_weather_MAE,D_plus_geopolitical_MAE,E_plus_sentiment_MAE
1,BASELINE,70.65755870228489,54.98529408091824,38.3986394178323,48.07941792125027,45.46586201304714,66.8692204725198
2,BASELINE,31.73111584942339,71.5814118699312,31.857745023179035,39.18471864025591,27.043404133725147,16.106104405331592
3,BASELINE,10.203130555231212,114.520826172907,93.1836221934148,104.5743921519109,84.16373999126637,84.34531195171559
4,BASELINE,70.21444823750053,56.22242858418022,74.52181222446953,57.15880134113823,61.05095412739311,54.107787394605026
5,BASELINE,77.41823652268806,104.83487585069099,110.54266050340092,80.34628561021248,95.04766920091072,95.47836759568611
6,BASELINE,81.6814188080784,36.99059239206278,17.745002182101842,31.256030471896764,20.792972000217077,17.77412739572489
7,BASELINE,46.15352604879493,17.177280168667977,6.027977247103507,12.945671338900382,22.521057386263664,15.373474378451164
8,BASELINE,55.16314503133553,13.264486278894125,4.181787524816812,5.4573879581664215,6.258600268957437,8.365892444250406
9,SHOCK_2022,67.50297110694535,2.45534842628129,22.360904151378946,26.21506064551957,24.466620856701212,36.4735082926143
10,SHOCK_2022,271.6639885062582,92.16931382364095,95.47261277383626,104.6043113822347,89.85998765176595,86.29762498086751
11,SHOCK_2022,67.09864075925825,64.241175968914,38.69251473691941,40.99941476133347,46.52608521726606,47.045831997661566
12,SHOCK_2022,1.1868463013177006,41.211053326367846,46.53770203852605,25.732753231763354,39.575032665967456,46.35294099116277
13,SHOCK_2022,9.197350248582978,6.236845478304048,10.795787438638826,26.30044625688376,20.910724386461396,22.40393231797995
14,SHOCK_2022,55.36452558768562,22.065055100790943,10.223410813681568,7.13448408377937,16.104010789267505,19.323783128134693
15,SHOCK_2022,40.243011542081035,7.374889441250957,44.333911486386455,52.7570591647617,29.130343504666484,38.78642947268406
16,SHOCK_2022,9.898203370825371,65.76507330153791,68.19843816970197,47.99350500319807,52.82896566603986,43.15726614211408
17,SHOCK_2022,20.0204430579646,39.00923929209546,31.973669147442138,0.7123833655817862,3.020214176128661,1.8436583519475107
18,SHOCK_2022,3.8347360285586944,18.658813634759866,5.500085154420816,13.76827541912266,25.61196915233799,23.216489950067484
19,SHOCK_2022,42.47457903212592,83.16713732070016,57.31468981093451,48.96971338576361,52.41977041548773,45.41209905928656
20,SHOCK_2022,1.8391906849871305,7.191989146901193,4.212103330327096,21.49988289995295,22.598668300343576,27.7180835835467
21,SHOCK_2022,58.95808849946968,42.97415218965523,27.744963270587846,21.663567167682572,16.955628019733354,23.08287106172554
22,SHOCK_2022,1.6787624960403207,40.11056333832548,19.386224806831336,43.37058836273954,34.568014205024696,42.21427732758329
23,SHOCK_2022,26.923973577750843,17.223185998665173,42.684958917366345,34.16881511853822,26.262324792610485,24.450698358284313
24,SHOCK_2022,12.18081946261617,3.9084139358213292,6.1328173171689855,23.539742518585,23.793416072051798,14.049878169219767
25,SHOCK_2022,79.68570804783221,29.74852848240255,23.839135171855673,20.55373859592794,40.87418842502947,34.33399677463885
26,SHOCK_2022,108.40414098036078,55.914554087998624,28.669070689561124,36.1244845079205,53.50090357530331,48.042361705186124
27,SHOCK_2022,84.90655332204472,27.87256055471073,1.9611111223376838,17.728071266380653,3.5267162859119026,4.285566383568153
28,SHOCK_2022,134.77204787478445,9.03616440548899,15.991273048067114,15.338853004121802,3.9610279773235106,1.4455708240031981
29,SHOCK_2022,141.19978871284502,0.1209312909700202,2.7497307294465827,2.486989640579395,3.1234489911653327,0.2387794023893548
30,SHOCK_2022,46.952101126599814,2.4757980260138766,0.8941780176872953,8.612184151720498,5.4152816685920016,4.922926321912314
31,SHOCK_2022,93.4845252724387,106.39860766213161,53.4794639853738,45.989946773459735,49.0990928916238,45.03894274513942
32,SHOCK_2022,42.45465641564971,62.09624690466279,52.01682490759248,65.36645717077607,63.00583095007295,41.001108354858104
33,SHOCK_2022,165.74596889342615,90.54714687194178,60.54671962584803,54.73407466735193,60.63268764342615,60.3508883270199
34,SHOCK_2022,236.67405402751746,81.4726380118924,88.0543030509549,51.844982982595525,79.36846625896271,63.66958320232209
35,SHOCK_2022,218.72043080200388,14.062853287355438,55.993257950441375,57.420900772707,96.33344502319528,88.89818043579294
36,SHOCK_2022,43.35077548572531,16.076821094245815,90.21348834583273,38.45353675434103,98.0830256993483,26.762440448493862
37,SHOCK_2022,82.2967365019154,84.2479106418919,57.478777670128295,85.51759412215466,96.09793736861462,69.12957169936413
38,SHOCK_2022,90.52000308065061,16.368704557701392,76.52598690958376,70.9185497757947,21.75538754434939,49.05835080118533
39,SHOCK_2022,146.8755477531261,17.239808692186386,31.28036655351451,88.68261875078014,56.41922153398326,65.25888217851451
40,SHOCK_2022,181.76375649756014,98.2067878085953,1.1826560336929504,7.96549294775545,32.737496121583575,16.633124605955487
41,SHOCK_2022,139.4897117856222,39.60655591457311,2.013134026833143,1.9839897397237678,31.89532849758092,10.055026983909045
42,SHOCK_2022,197.18796011878115,64.92210623694521,4.881288976203024,17.951250524054586,27.626528234015524,45.14799735022646
43,SHOCK_2022,253.10305074915027,87.3274465011034,44.12941793665027,34.44559530481433,38.21961263879871,38.17472128137683
44,SHOCK_2022,272.68809733424047,265.5030807021604,114.27449259791236,152.18455729517797,139.01948771509984,134.35151896509984
45,SHOCK_2022,230.43234625328927,84.6449011849299,80.1394080208674,102.09090033043772,87.21304693688303,103.31126013268381
46,SHOCK_2022,126.09042191074914,100.99017357395715,49.21169876621789,36.6571104483468,35.53182053135461,40.99822067783899
47,SHOCK_2022,77.12418514582626,148.3698516497325,83.66545444819442,48.60574489924423,52.403424800367276,51.89995342585556
48,SHOCK_2022,106.82058701858716,32.85440812454419,45.18394074783521,50.95483384475904,64.79509339676099,60.28315720901685
49,SHOCK_2022,108.30765237754207,11.045641995016524,21.930293179098555,23.740290737692305,6.721072292868087,32.507502651754805
50,SHOCK_2022,150.10829359127524,29.400861682162258,10.90759473873618,40.23639112545493,51.600565014615086,48.54354291988852
51,SHOCK_2022,113.75495654922426,74.66687518936098,81.33229953628481,82.83752185684145,96.39995128494203,105.43417770248354
52,SHOCK_2022,181.54024639049226,37.49401225963288,73.33897533336335,56.3193830482071,51.29323711314851,46.82261028209382
53,SHOCK_2022,69.66243144742225,15.203069417392953,15.748754770839469,26.379286081874625,39.16362598665978,33.83316639193322
54,SHOCK_2022,0.4507166350031184,36.01966728807929,36.964495321526556,21.617039343133,20.725821157708197,19.382767339959173
55,SHOCK_2022,3.0499269482978093,17.194076347600628,16.6725728991143,25.321754265081097,15.633188057195355,17.80377750421684
56,SHOCK_2022,49.08770275872439,27.897519119198023,52.74547029298037,53.645318992550074,48.569486387188135,47.23141098778933
57,SHOCK_2022,8.793675709703905,23.148691844007033,7.76829214002754,38.255667399426954,33.23793668653633,28.261084269544142
58,SHOCK_2022,87.90609689136963,88.66259260555725,71.23518128773193,50.985961393322754,58.488221601452636,55.84403176685791
59,SHOCK_2022,64.47072127266622,39.799117116172084,36.88309004708029,27.133517293174037,28.679915456015834,23.166758565146694
60,SHOCK_2022,3.0939760533611604,28.466916116837723,8.10764554417537,0.15010425173832687,11.038228002424972,0.5850696889202425
61,BASELINE,0.03936692286904986,38.898474894060456,2.0102747302192085,13.256738863481843,12.026706896318757,10.363203249468171
62,BASELINE,53.38149841665951,60.678505023715175,55.95041545271603,61.762319644686855,46.1234818303558,53.47988971858946
63,BASELINE,62.16658849741113,46.5543753626455,32.41626997018945,19.60181875253808,38.34181661630761,38.82969160104882
64,BASELINE,10.708253854001669,20.81911753960958,43.83942603417745,29.894199364865926,28.162242882932333,52.5607891018044
65,BASELINE,32.17049721458221,35.5790644047525,34.60238341071869,37.55664280631805,46.32481316306854,43.41207150199676
66,BASELINE,56.20199107536163,67.67893695243683,44.60283946403351,36.3616628588089,42.520142549360656,37.916380876387024
67,BASELINE,16.113037166281238,8.527217808083996,17.88378578154613,1.6318836781220583,9.769230422659412,11.758171615286365
68,BASELINE,28.02310785835914,15.102583261191171,7.190694479287345,0.2053512055271085,4.9243758637302335,1.3165591675632413
69,BASELINE,17.336082190647275,32.34828826822296,1.8317572776223727,8.318843573703916,8.901204795017392,9.45356819070831
70,BASELINE,12.587139574258828,26.196238962381386,12.016363886564278,13.16210612413218,9.942846027582192,5.8341555273227925
71,BASELINE,7.83362887637567,6.912700994181151,1.6395551993126816,3.8176686928992325,8.018515364957338,1.8375661538367325
72,BASELINE,8.546387589688507,8.36230396401426,0.045396722073761,5.583740628476349,7.230835593457428,12.316153920407501
73,BASELINE,22.618339512552012,14.30871674796461,4.276220295633067,5.887849781717051,10.58131310721754,11.44630334159254
74,BASELINE,43.29593204369718,54.06121658196622,36.59923051705533,24.009194601680576,27.974516142513096,30.105909575130283
75,BASELINE,34.72709719406214,39.62796084152308,27.77020088897791,21.887102763520147,22.831964175568487,17.85238138900843
76,BASELINE,5.016733024664035,2.2665783423708774,15.432527687005887,25.28261962120999,28.498048927240262,24.532089378290067
77,BASELINE,18.415520656037657,40.45984934561285,4.723989474702208,16.067355620789854,4.077540385651915,8.854435908723204
78,BASELINE,6.1673129444644275,4.3781792277767835,14.153018320135814,2.3624945526645007,0.5087836628482165,2.486117685370189
79,BASELINE,21.116241583316565,10.629392495662927,15.222255578548669,21.57796846917367,14.116145959408044,19.55876909783578
80,BASELINE,14.065730054630194,4.415192644344415,2.7656802728308776,8.047914464725409,1.7984485223425963,5.18080898071662
81,BASELINE,12.718355656473534,10.906861781270607,5.8730502136634755,5.165975571482079,2.68831682285537,5.308226109354393
82,BASELINE,10.29739390075217,5.865072148442167,1.6649989062546666,1.240363972782987,0.5964669162033971,2.933045285344022
83,BASELINE,27.607593803984187,30.455489844697453,8.770221977812312,6.107811241728328,11.842751770597957,0.31067112026836696
84,BASELINE,101.42616548063825,61.62724198820661,63.09734620573591,68.12283982756207,69.28647126677106,63.75858201506208
85,BASELINE,47.99952694980031,26.153274508394063,37.40074536410695,35.0725822171343,28.49775502292043,28.279848071016133
86,BASELINE,50.769756995856255,7.592415534674615,21.917570792853326,19.617861472784966,23.046532355963677,20.69011565369317
87,BASELINE,50.84626301884626,14.16203984379743,48.13778289914106,39.922059146165594,41.86004647374128,47.05067118763898
88,BASELINE,35.09591432468169,15.01467271701567,2.9264006222891084,8.314325848658157,10.917154828150345,1.8415551577401885
89,BASELINE,38.50674248933987,62.68568421602444,33.67974282503323,46.949827206136746,47.43496991396145,50.82692052126126
90,BASELINE,32.68387400340479,8.81210314464014,26.578156344408207,4.553451411241703,3.078515879625492,14.500472895616703
91,BASELINE,69.06291213684335,71.03414383583322,52.46441474609628,52.09490791015878,64.34598174743905,51.865736157229094
92,BASELINE,39.37381549801591,20.899229011199502,13.517761191985635,1.181005439422158,4.422491112091514,9.27375988040206
93,BASELINE,75.91491367652989,24.20231296852208,32.874592326432236,24.899441264420517,42.82849170997716,37.624382518082626
94,BASELINE,109.21766173034293,62.92736326842886,102.02440010696036,99.23415075927359,82.03487669616324,94.63588701873404
95,BASELINE,104.98989709546946,73.49917443921946,60.41472085645579,49.34426339795969,27.269102417735084,30.08078607252024
96,BASELINE,82.35561052752372,60.250021614559856,41.21156374407646,45.56016222430107,63.874485649594035,60.1990744252288
97,BASELINE,68.88086380771843,32.21302094272819,44.72732033542839,53.35790314487663,50.56529488376823,50.89868988804069
98,BASELINE,14.063713111350502,37.73063663429972,4.636957130959061,15.437747158477272,13.218577541778053,22.598011054465736
99,BASELINE,33.30904930317453,12.187766725659884,7.04182213032297,16.73901909077219,22.235063249707736,14.998161012769259
100,BASELINE,20.898547308171004,43.02009500714561,28.79345669003746,16.139096395695418,16.921976940357894,23.5187615320327
101,BASELINE,70.92902847863307,61.370980230342056,37.552464452754165,32.39295670128932,28.193833318720962,22.78430649376979
102,BASELINE,68.60301165467462,49.30453257447442,26.452170895397273,31.00347857361993,26.4548869598504,24.769942807018367
103,BASELINE,37.36214571255708,6.3321316744711424,5.0498263333413576,2.6927020047280763,11.745051095304248,1.21201200228667
104,BASELINE,13.428125328236359,8.427343421763641,23.689939552134735,13.322555595225555,22.048536353892548,22.13507276136325
105,BASELINE,67.00905832258577,56.96511014906282,59.33475002256746,59.819007720626544,57.24358972517366,60.696742858566
106,BASELINE,98.5137625484787,55.41968448451385,65.10100086024627,60.19851215175018,61.72936923793182,59.391196325334164
107,BASELINE,43.00377378901682,6.3577090307160375,6.676034073440647,19.52534018000803,7.1240817113801,10.074818710891819
108,BASELINE,25.15719918505357,40.244823734919294,37.200743000666364,23.902498643557294,32.76208905474351,25.72390584246324
109,BASELINE,16.21624826437536,14.114903697904907,5.877146968778931,15.897917995390259,26.137389430937134,24.192443141874634
110,BASELINE,16.31773000372696,10.324665123355864,4.830147797000883,20.519226604831697,13.8038409294014,25.897716575992586
111,BASELINE,39.859680140353746,17.336030924655503,14.562128031589097,9.2621898296848,4.1436767223849955,15.087305033542222
112,BASELINE,6.889902326520783,6.935787942949439,18.348127153459693,12.155298021379615,14.557151582780982,21.002925661150122
113,BASELINE,8.008673789312127,17.473277213384392,14.064732672979119,28.98541367273498,29.249495627691033,27.584483268071892
114,BASELINE,18.86781075886357,26.018847021375777,23.18846801212895,23.968341860090376,28.033224615369917,27.628463300977828
115,BASELINE,5.455276199503189,8.764547296686416,7.178538986368423,8.33243875868773,5.763141921834702,6.6635783232018895
116,BASELINE,13.141171599198515,13.121495807934934,18.891027594376737,12.86274775343054,17.727339411545927,12.237216437627012
117,BASELINE,3.632792335473198,3.308060091458458,0.01421342464556119,12.605668205298286,11.082170623816353,14.994347709692818
118,BASELINE,25.87293249551258,21.36646515313587,24.304436268248175,27.947863163389776,28.82076531831226,33.1351667064806
119,BASELINE,0.7524756867479354,23.96138758249989,14.445106454570201,28.215475030620006,22.898654885966685,30.15877527781239
120,BASELINE,3.692004717219099,12.095620668757185,21.46701577984117,22.786065615046248,29.615489519465193,28.200545824396833
121,BASELINE,25.40282545788149,13.595938784907858,13.896644694636862,13.100164515803854,0.6848515440716341,0.18800459606508468
122,BASELINE,15.332586701441372,17.448133166361416,22.924782689142788,18.449083502817714,21.736136372614467,20.27547448449191
123,BASELINE,11.241561772938581,16.130199549082903,11.470338938120989,8.82010471570888,4.228425142649797,10.275402185801653
124,BASELINE,37.8633605141395,32.63362895438608,29.85132419059214,26.75770961234507,22.794255365824075,28.607129206156106
125,BASELINE,28.896978014716154,13.415381067999846,18.74470960498715,14.802802675971037,12.404573076972014,9.728887194403654
126,BASELINE,32.29984578076694,24.07180317822788,21.860920991338233,25.3754716772208,28.27479418698642,24.867507543004493
127,BASELINE,32.51642086868421,22.523313072968875,15.538614777375614,9.747948197175418,13.869862107087528,13.432398346711551
128,BASELINE,32.024508325583085,38.26132806969319,48.21049961281453,47.113738862997636,45.911739198690995,50.35393223000203
129,BASELINE,7.4769164165922035,3.737043277316488,1.1825009426542152,3.261796577877604,9.064322932667338,8.720908149189555
130,BASELINE,32.350579927548154,36.44946021853326,34.42643256007074,36.765685270413144,33.76761503039239,29.874995658978207
131,BASELINE,27.161875043022192,15.89497688780979,20.837444100486792,20.34787395964817,24.95527962218479,19.464410100090063
132,BASELINE,36.77798278253641,32.1434055082139,17.511404108220006,23.84140689294901,26.103257250004674,28.840501379185582
133,BASELINE,67.30544402048648,47.41672446177066,39.12095381662906,42.62144209787906,38.897980946756014,39.37196852610172
134,BASELINE,37.47218655874049,27.860899441736095,15.286733143823497,13.379928105371349,18.485631459253185,20.68158482839381
135,BASELINE,35.79644008872761,6.559635126569404,16.414779627301826,16.554908716657295,22.637666666486396,19.294023478009834
136,BASELINE,35.318759976456946,26.00917810337704,21.091122685502356,12.898513852189367,18.856092511246985,14.760591565202063
137,BASELINE,44.45008700194438,8.938398769522507,18.46306650939067,23.009895733023484,27.673233440543015,28.763464382315476
138,BASELINE,78.34890913725357,21.70514464140396,44.6048982119606,22.37970518827896,34.17933439970474,35.8053491091774
139,BASELINE,80.06768914579038,67.30003186582212,62.56116410611753,70.60366555570249,73.46853848813657,79.16725357888822
140,BASELINE,5.76865419717538,21.641182273347255,46.70687136026132,35.810777991731044,37.58258470864999,37.521776526887294
141,BASELINE,65.26288560319242,49.49684098649319,31.926913770917018,35.3285994856387,40.01316216874417,41.271943601849635
142,BASELINE,12.128084503738975,12.17286489593873,8.646716750533486,1.6858336099695208,2.47954496058712,4.739909016220665
143,BASELINE,0.8612418646699069,11.046428250778305,2.4309961075669406,3.707355784881699,3.8621490473633884,0.22440587233363374
144,BASELINE,12.56114273761628,11.431958491553047,14.766556923638603,9.470921700249932,10.124877159844658,9.655421440850517
145,BASELINE,18.26229352182449,14.826614801350246,19.52767140096725,24.93033618158401,23.34989756769241,23.99164170450271
146,BASELINE,34.71080193327341,6.203574989303675,19.79667649076852,16.16115174101266,22.87295994566354,23.77656159208688
147,BASELINE,53.147553404106915,32.06190391375047,36.970110853447736,26.86158080889207,35.225760420098126,36.99100776506883
148,BASELINE,90.40076576809666,109.78290306668065,72.36336266140721,80.25976788143895,84.65784966091893,81.75584065060399
149,BASELINE,102.70759684984428,104.27509589140159,69.08612163011772,70.01273448412162,67.76261622850639,70.02443797533256
150,BASELINE,84.44969253841334,67.79212456050807,38.49937134090358,50.20056228938991,43.845898440512954,44.45270614925319
151,BASELINE,13.916226991148648,9.81010211321896,10.5687161764819,12.541104920836148,20.411865361662564,19.018716462584194
152,BASELINE,29.82720224949516,33.94746821018852,14.16180379298531,16.012630056413045,16.904979299577107,15.1994357815107
153,BASELINE,29.23580492240788,18.837589852982745,27.2858816315472,21.892555825883136,27.06247388618587,26.368378274613605
154,BASELINE,23.059626237666777,23.73738990613205,18.60545860120041,17.48558555432541,25.736321790897676,22.139859541141817
155,BASELINE,54.99875487059991,15.549996960454777,26.683633435064152,13.675157177739933,37.30026398926337,27.908738720708683
156,BASELINE,25.248782545737797,93.04154530208545,58.4485887591167,64.26843205135303,56.51682224910694,57.60306111019092
157,BASELINE,15.893798288497656,91.7582849828336,24.682832178268164,24.64368289390537,33.31050628105137,30.733968195113867
158,BASELINE,6.320858596581701,3.0617984521572623,26.176701186913732,8.07670235516477,13.59349739434171,12.755705474633459
159,BASELINE,40.88955569295905,16.763638258266667,18.151167631435612,21.26045870809577,11.797264814663151,9.556475401211003
160,BASELINE,56.13517532036971,27.674619290096274,26.50106277777482,25.602350619571695,22.075609591739664,24.289682772892007
161,BASELINE,4.882270392325978,48.769034918693166,15.747226294425587,11.511131819633107,5.213904317763905,2.018986519721608
162,BASELINE,63.68009501350113,51.789625462414705,20.679225262524568,15.604468640210115,27.315257367016756,17.20532160651871
163,BASELINE,47.9389124378737,33.66462139936051,7.13900856824479,16.956971214729165,22.099705742317056,24.180378960090493
164,BASELINE,33.85095320319506,15.194213014596428,5.621480089181389,1.969763856881599,12.283492189401116,5.664288621896233
165,BASELINE,21.53393959133399,25.068327418253546,24.25080775348914,27.081551304743414,26.06927322475684,33.76496528713477
166,BASELINE,23.98886609320145,26.303711178345495,35.65083813909989,32.9427845502327,30.66290688757401,32.124713184876256
167,BASELINE,4.996257435008573,1.203461517170382,14.151400219127225,9.766532074138212,11.572445522471952,6.245657693072843
168,BASELINE,17.830989113882893,7.903073540762776,1.534886130257732,7.626723519400471,7.776409379080647,6.55562042339217
169,BASELINE,14.02958721611462,2.1063808867689175,8.09780078437366,1.4765325119737582,14.832665972972293,10.541215472484012
170,BASELINE,2.991475176756424,9.452125143950028,7.682215285246414,10.52817685598616,9.88111121649031,7.646542143766922
171,BASELINE,3.730539304130076,5.2140703378987325,6.577197295539378,0.717287558205129,0.07137467253923546,2.3918066202473653
172,BASELINE,29.709224668305424,38.868099180024174,22.202139821808842,28.473958578866032,40.02674385623267,35.954172101777104
173,BASELINE,8.103179710101685,3.829906242084107,25.614587562274536,20.66498066682776,15.884975688647827,22.382463233661255
174,BASELINE,38.61436190321611,38.5537602366464,29.064096591021283,35.829261920000775,33.43928112700151,35.262683531786664
175,BASELINE,16.26494554938266,17.258875412358734,12.53850774229953,13.414074224843475,18.99780206145236,17.762137455358
176,BASELINE,18.007514945858745,15.594151965969829,5.675847999447612,3.1557140427887163,1.5579643327057084,0.14902497113344282
177,BASELINE,3.4697373623777565,2.841835629456156,15.944283794872874,15.54275829743635,10.911950420849436,15.788602184765452
178,BASELINE,23.966163620350628,22.814260825512676,5.477331146595745,15.790025696156292,15.786275848744182,7.727901443836956
179,BASELINE,24.740971059168743,22.551462144221233,20.418264359797405,19.985444993342327,18.439456910456585,20.251567334498333
180,BASELINE,53.80800535721508,48.38063147110668,33.75072195572582,38.85098936600414,40.69110491318432,38.392118478247795
181,BASELINE,28.782313711784454,32.54545677437601,11.456286795280548,20.67409456505594,15.132873900077911,11.288915045402618
182,BASELINE,66.58350919168969,54.20427869242211,31.468744024453358,34.79006169718285,30.527776464638904,36.03581784647484
183,BASELINE,22.95902324264091,33.765877490687785,55.97805858199638,55.30301738326591,60.81002879684013,56.68349528853935
184,BASELINE,32.09764171944089,18.235010875324676,11.739411128620574,14.593226207355926,7.194647563557098,9.62546230659909
185,BASELINE,37.58863620022025,18.07188586452689,7.252443115503453,13.687213699609899,9.611766617090368,6.316581527979039
186,BASELINE,47.862409853528945,35.13355281312367,31.233639025281875,33.13044860322377,25.066932940076796,28.05689265687367
187,BASELINE,43.72878652347268,24.451908166539084,27.067558343541037,24.388364846836936,21.987947518956076,20.714819009434592
188,BASELINE,87.26681154961915,33.296798884824234,48.5300905108008,48.82858294244142,49.652294337705094,49.386554896787125
189,BASELINE,53.66577281547988,27.270837207569727,24.053903003468164,21.70762004448379,18.864781757130274,20.016766925587305
190,BASELINE,78.69453889392425,44.84075624011565,36.930825057254324,42.49406129382659,39.970585646853934,37.01869279407073
191,BASELINE,70.2101173924856,31.968380026762944,23.781654410307866,21.695289664214116,26.408565573637944,20.553607993071537
192,BASELINE,36.33736006411469,16.616199175442816,2.0168956121548405,5.756595929537653,1.2680362066372624,1.0364605584994564
193,BASELINE,6.249687854423996,24.995863620415207,28.52101201213884,35.17250126995134,30.238024417534348,26.989046756401535
194,BASELINE,96.40484045504559,88.53570412158001,49.54850576876628,60.31911276339519,60.04169653414714,54.514795289029955
195,BASELINE,1.7625090120429974,1.6104503633384724,15.501962042034151,9.411644315898897,6.999191618144991,4.046921110332491
196,BASELINE,34.58902672813744,31.21108130501122,21.40007237480492,26.446080484851308,30.051202097400136,31.54633192108483
197,BASELINE,48.16325913493921,41.478589163473146,48.84737573688318,50.72129832332422,60.53433762615015,61.55593739574243
198,BASELINE,70.45043492995684,54.79592824660723,38.439978844751764,29.31116414748614,37.56547094069903,35.7331764765877
199,BASELINE,16.356235637667496,13.566133394244034,20.507887496950943,22.062332286837417,8.150188579562027,13.93931926727565
200,BASELINE,11.136918804965362,5.313627503238067,4.918444416842803,11.342234752498015,1.1925609329560842,8.293283679165498
201,BASELINE,7.676930800445561,0.019887551300044493,0.527939215667729,4.53373469448853,3.03687657452393,3.3868345174865766
202,BASELINE,5.190130102001163,5.659441126026181,22.986126077808407,21.54189313713458,21.343181741870907,21.91841329399493
203,BASELINE,8.060236657497214,14.29431268059902,17.04135390603237,9.220684016582297,11.165217364665793,5.579226458904074
204,BASELINE,77.9359698874913,67.33126026224716,69.98734336924178,64.19922977518661,62.11017376017196,64.75819068979843
205,BASELINE,69.29341274763952,46.425542416828975,7.234048428791866,10.704557004231319,20.25031429793249,12.725968899983272
206,BASELINE,76.67943183799072,17.965839308693845,12.010257643654782,2.1373404683618134,5.684383315041501,25.37985221762939
207,BASELINE,29.506629614070945,0.34844937725453917,27.32690462665171,7.932506891056008,12.322296472354836,18.094620080753273
208,BASELINE,14.321781116850389,15.344438594453322,18.23948292123555,22.580291789643752,20.642456096284377,31.137332957856643
209,BASELINE,30.66355828632866,29.65041701187645,16.047679227490775,19.7067091881231,26.664289277692184,25.203483861585006
210,BASELINE,67.39594440339998,38.392164038409746,36.62772350191072,33.75130634187654,39.04292468904451,33.17563419221834
211,BASELINE,10.966433508467588,1.9314232038737202,10.021149651932802,16.991608636307802,27.6640291380168,33.80846502058516
212,BASELINE,41.92695777022932,5.073003455043761,27.07770316207501,30.859778090358716,33.202150984645826,21.35272757613751
213,BASELINE,17.92337423265471,4.900416430835861,8.763792094593185,13.710798320179123,9.704071101551193,2.931169453258377
214,BASELINE,2.1467084858927024,14.695290568062376,5.386707785317014,3.9615821864095437,2.038217877260138,3.20451641339929
215,BASELINE,34.76043969017026,9.80635910850522,14.084858711776704,19.937647636947602,17.00827103477475,14.031285103378266
216,BASELINE,6.741711997028872,0.7691360483202487,2.860503769877866,1.6659907331433743,6.035558320048764,14.306933022502378
217,BASELINE,7.409880467627971,17.53613645670268,13.12023717996928,25.507546254371135,26.453009434913128,22.42942793009135
218,SHOCK_2026,11.329118517596669,11.41115513946528,6.920546797473378,14.668911961276478,8.982632902820058,13.51121785994286
219,SHOCK_2026,24.54022987536547,15.351377565184805,28.346221048155996,13.076071817198965,1.5525492841804294,1.9197634870612887
220,SHOCK_2026,23.711547806783713,33.73005004219631,43.136259034200705,61.071643784566916,44.40784068398098,43.719490006490744
221,SHOCK_2026,15.475818983405318,23.549255720465865,45.58053433069536,59.10504185327838,46.70008312830278,52.09866749414752
222,SHOCK_2026,33.06440586627376,46.41315979541194,28.842433400758622,37.20810980380428,41.052056737550615,53.79323620379817
223,SHOCK_2026,7.789064818573948,22.929543906403538,38.95661585922336,30.029432707978245,28.811815673066135,30.65881007309055
224,SHOCK_2026,52.63341525598068,35.74712565942306,39.276814494567105,35.03994945092697,25.918724093871305,35.12122157617111
225,SHOCK_2026,10.117057614526757,14.107128672800073,19.747554593286523,14.463411145410547,15.005489640436181,15.28245955010415
226,SHOCK_2026,24.091278200441764,36.61953843145983,32.19571221380846,31.027551775270865,27.562482004457877,29.949219827944205
227,SHOCK_2026,34.66319195981944,16.02339284177745,28.082964584788925,29.69893233533824,32.65060059781993,26.141720936259873
228,SHOCK_2026,1.401981449063598,14.950948619906129,0.844631099764527,3.1372407913844,12.643598461214722,15.980098629061402
229,SHOCK_2026,45.417115024181,29.12436180457651,34.31095199927866,29.672490886302583,31.228717616649263,31.443549922557466
230,SHOCK_2026,19.60277921588633,21.3002139988682,12.444813078953956,3.435329264714454,5.405353373601173,8.70889264972422
231,SHOCK_2026,37.526139581726255,25.828041399048033,22.218050325439634,18.033238733337583,23.39356454663104,21.13711103253192
232,SHOCK_2026,2.956745208272224,13.1126269688518,14.422656952372307,23.568696915140862,24.685626923075432,21.135410248270745
233,SHOCK_2026,12.253974719811623,11.102313442994301,5.046605392266457,18.144504352379982,18.087191386986916,23.350831790734475
234,SHOCK_2026,66.6515732997193,59.35084307129523,58.55067551071784,58.066206096960514,51.70556557114264,47.154871105505435
235,SHOCK_2026,72.0643038508307,79.98363349408021,58.3113159891974,60.19434211224427,55.45584819287171,48.655148958862924
236,SHOCK_2026,47.37770921344763,37.137572113227904,41.25969058628088,39.06241590137488,34.80870229358679,46.48614573831564
237,SHOCK_2026,0.4663920108866222,7.623494595725489,3.8857249919962413,10.904658765037013,5.823620290000392,7.391420811850978
238,SHOCK_2026,13.21027948640561,4.458077452409029,1.709188482987642,0.25915148042416547,2.5429325320599077,0.45669080995297406
239,SHOCK_2026,5.365173643492881,13.934085542298135,15.661609346009072,27.206958467102822,27.47376983795243,23.306066209412393
240,SHOCK_2026,24.895163182493334,31.184272889371996,24.17020601439107,48.62822783398259,44.396242741819506,43.75190413403142
241,SHOCK_2026,28.340444668041755,6.522916690600823,7.112848385082771,4.00558863471656,12.639629467236091,29.18573509048133
242,SHOCK_2026,1.2290041760554686,7.438766209686719,11.804964749420606,6.835216252411328,0.1175962372669801,2.770004542266406
243,SHOCK_2026,34.433352331481274,17.38184247430354,14.737959722838696,15.894991735778149,23.373929838500317,29.497625212035473
244,SHOCK_2026,26.797775519874563,18.60710741379546,5.720054877784719,1.8974402079849142,4.94131444594575,4.125007880714406
