fold_id,period,test_start,test_end,chronos_MAE,chronos_RMSE,naive_MAE,naive_RMSE,n_test
1,BASELINE,2022-01-04,2022-01-04,57.34209696451822,57.34209696451822,77.80958333333332,77.80958333333332,1
2,BASELINE,2022-01-11,2022-01-11,22.567294921875003,22.567294921875003,6.13833333333335,6.13833333333335,1
3,BASELINE,2022-01-18,2022-01-18,69.44733154296875,69.44733154296875,106.55541666666667,106.55541666666667,1
4,BASELINE,2022-01-25,2022-01-25,49.42685262044273,49.42685262044273,51.350833333333355,51.350833333333355,1
5,BASELINE,2022-02-01,2022-02-01,63.67592081705729,63.67592081705729,44.95541666666665,44.95541666666665,1
6,BASELINE,2022-02-08,2022-02-08,9.516214396158858,9.516214396158858,53.13208333333334,53.13208333333334,1
7,BASELINE,2022-02-15,2022-02-15,2.372880045572913,2.372880045572913,52.78083333333332,52.78083333333332,1
8,BASELINE,2022-02-22,2022-02-22,8.848225199381503,8.848225199381503,47.826666666666654,47.826666666666654,1
9,SHOCK_2022,2022-03-01,2022-03-01,36.50827514648438,36.50827514648438,33.10500000000002,33.10500000000002,1
10,SHOCK_2022,2022-03-08,2022-03-08,83.56521565755207,83.56521565755207,77.4733333333333,77.4733333333333,1
11,SHOCK_2022,2022-03-15,2022-03-15,25.921868896484398,25.921868896484398,19.097500000000025,19.097500000000025,1
12,SHOCK_2022,2022-03-22,2022-03-22,19.770089518229184,19.770089518229184,30.733749999999986,30.733749999999986,1
13,SHOCK_2022,2022-03-29,2022-03-29,12.843408610026046,12.843408610026046,28.612083333333345,28.612083333333345,1
14,SHOCK_2022,2022-04-05,2022-04-05,39.065563761393236,39.065563761393236,107.6975,107.6975,1
15,SHOCK_2022,2022-04-12,2022-04-12,26.271971435546874,26.271971435546874,39.025000000000006,39.025000000000006,1
16,SHOCK_2022,2022-04-19,2022-04-19,51.10071370442708,51.10071370442708,92.77333333333333,92.77333333333333,1
17,SHOCK_2022,2022-04-26,2022-04-26,16.16450968424479,16.16450968424479,15.004583333333358,15.004583333333358,1
18,SHOCK_2022,2022-05-03,2022-05-03,15.36376953125,15.36376953125,0.866250000000008,0.866250000000008,1
19,SHOCK_2022,2022-05-10,2022-05-10,53.99310913085938,53.99310913085938,33.491666666666674,33.491666666666674,1
20,SHOCK_2022,2022-05-17,2022-05-17,23.033331095377577,23.033331095377577,14.166666666666629,14.166666666666629,1
21,SHOCK_2022,2022-05-24,2022-05-24,35.518668823242194,35.518668823242194,25.192916666666633,25.192916666666633,1
22,SHOCK_2022,2022-05-31,2022-05-31,6.5147229003906375,6.5147229003906375,15.822916666666686,15.822916666666686,1
23,SHOCK_2022,2022-06-07,2022-06-07,54.057768351236945,54.057768351236945,92.55291666666663,92.55291666666663,1
24,SHOCK_2022,2022-06-14,2022-06-14,16.91549519856767,16.91549519856767,29.4166666666666,29.4166666666666,1
25,SHOCK_2022,2022-06-21,2022-06-21,34.89874267578125,34.89874267578125,21.22208333333333,21.22208333333333,1
26,SHOCK_2022,2022-06-28,2022-06-28,20.14804606119793,20.14804606119793,14.867916666666702,14.867916666666702,1
27,SHOCK_2022,2022-07-05,2022-07-05,7.837445882161489,7.837445882161489,24.482083333333378,24.482083333333378,1
28,SHOCK_2022,2022-07-12,2022-07-12,6.934504394531302,6.934504394531302,5.066250000000025,5.066250000000025,1
29,SHOCK_2022,2022-07-19,2022-07-19,2.6806315104166174,2.6806315104166174,1.0200000000000387,1.0200000000000387,1
30,SHOCK_2022,2022-07-26,2022-07-26,35.382344563802064,35.382344563802064,6.761666666666656,6.761666666666656,1
31,SHOCK_2022,2022-08-02,2022-08-02,56.56568603515626,56.56568603515626,44.109166666666624,44.109166666666624,1
32,SHOCK_2022,2022-08-09,2022-08-09,47.382250162760386,47.382250162760386,14.675833333333287,14.675833333333287,1
33,SHOCK_2022,2022-08-16,2022-08-16,67.37937296549472,67.37937296549472,64.18833333333328,64.18833333333328,1
34,SHOCK_2022,2022-08-23,2022-08-23,36.38048014322919,36.38048014322919,41.314166666666665,41.314166666666665,1
35,SHOCK_2022,2022-08-30,2022-08-30,61.95875732421871,61.95875732421871,1.8258333333333212,1.8258333333333212,1
36,SHOCK_2022,2022-09-06,2022-09-06,13.690356445312489,13.690356445312489,59.815,59.815,1
37,SHOCK_2022,2022-09-13,2022-09-13,85.53869140625,85.53869140625,15.6608333333333,15.6608333333333,1
38,SHOCK_2022,2022-09-20,2022-09-20,68.62113647460939,68.62113647460939,101.74125000000004,101.74125000000004,1
39,SHOCK_2022,2022-09-27,2022-09-27,11.34205118815106,11.34205118815106,64.2833333333333,64.2833333333333,1
40,SHOCK_2022,2022-10-04,2022-10-04,42.055322265624994,42.055322265624994,36.95708333333337,36.95708333333337,1
41,SHOCK_2022,2022-10-11,2022-10-11,62.59321716308597,62.59321716308597,97.78375000000003,97.78375000000003,1
42,SHOCK_2022,2022-10-18,2022-10-18,17.168913167317697,17.168913167317697,30.56916666666666,30.56916666666666,1
43,SHOCK_2022,2022-10-25,2022-10-25,33.95051188151041,33.95051188151041,24.78166666666668,24.78166666666668,1
44,SHOCK_2022,2022-11-01,2022-11-01,96.48360778808593,96.48360778808593,76.36749999999999,76.36749999999999,1
45,SHOCK_2022,2022-11-08,2022-11-08,20.089458109537773,20.089458109537773,19.059166666666655,19.059166666666655,1
46,SHOCK_2022,2022-11-15,2022-11-15,12.272346801757834,12.272346801757834,16.49208333333337,16.49208333333337,1
47,SHOCK_2022,2022-11-22,2022-11-22,51.17526611328125,51.17526611328125,49.940416666666636,49.940416666666636,1
48,SHOCK_2022,2022-11-29,2022-11-29,93.10200317382811,93.10200317382811,80.00583333333333,80.00583333333333,1
49,SHOCK_2022,2022-12-06,2022-12-06,40.108381754557286,40.108381754557286,45.185,45.185,1
50,SHOCK_2022,2022-12-13,2022-12-13,14.088269449869813,14.088269449869813,10.543333333333408,10.543333333333408,1
51,SHOCK_2022,2022-12-20,2022-12-20,87.22218709309894,87.22218709309894,6.105833333333322,6.105833333333322,1
52,SHOCK_2022,2022-12-27,2022-12-27,0.22133402506511857,0.22133402506511857,51.20166666666668,51.20166666666668,1
53,SHOCK_2022,2023-01-03,2023-01-03,23.14149586995441,23.14149586995441,22.134583333333325,22.134583333333325,1
54,SHOCK_2022,2023-01-10,2023-01-10,34.0165254720052,34.0165254720052,6.161249999999981,6.161249999999981,1
55,SHOCK_2022,2023-01-17,2023-01-17,1.0130910237630246,1.0130910237630246,4.817916666666662,4.817916666666662,1
56,SHOCK_2022,2023-01-24,2023-01-24,3.923095499674446,3.923095499674446,0.04125000000001933,0.04125000000001933,1
57,SHOCK_2022,2023-01-31,2023-01-31,13.687000223795593,13.687000223795593,43.10791666666668,43.10791666666668,1
58,SHOCK_2022,2023-02-07,2023-02-07,8.152831420898451,8.152831420898451,0.04083333333332462,0.04083333333332462,1
59,SHOCK_2022,2023-02-14,2023-02-14,0.2368501790364519,0.2368501790364519,9.00333333333333,9.00333333333333,1
60,SHOCK_2022,2023-02-21,2023-02-21,18.712198384602857,18.712198384602857,61.028749999999995,61.028749999999995,1
61,BASELINE,2023-02-28,2023-02-28,14.196973876953138,14.196973876953138,4.229583333333352,4.229583333333352,1
62,BASELINE,2023-03-07,2023-03-07,55.12909261067709,55.12909261067709,43.80500000000002,43.80500000000002,1
63,BASELINE,2023-03-14,2023-03-14,14.671677042643225,14.671677042643225,34.34041666666667,34.34041666666667,1
64,BASELINE,2023-03-21,2023-03-21,8.755376586914068,8.755376586914068,10.120416666666685,10.120416666666685,1
65,BASELINE,2023-03-28,2023-03-28,22.693043823242192,22.693043823242192,20.83291666666669,20.83291666666669,1
66,BASELINE,2023-04-04,2023-04-04,26.832560933430983,26.832560933430983,17.271666666666647,17.271666666666647,1
67,BASELINE,2023-04-11,2023-04-11,25.140102132161452,25.140102132161452,20.010833333333338,20.010833333333338,1
68,BASELINE,2023-04-18,2023-04-18,21.39085530598959,21.39085530598959,16.010416666666657,16.010416666666657,1
69,BASELINE,2023-04-25,2023-04-25,11.918972167968747,11.918972167968747,3.6070833333333354,3.6070833333333354,1
70,BASELINE,2023-05-02,2023-05-02,2.271133728027337,2.271133728027337,18.55208333333333,18.55208333333333,1
71,BASELINE,2023-05-09,2023-05-09,3.7209624226887854,3.7209624226887854,1.734583333333319,1.734583333333319,1
72,BASELINE,2023-05-16,2023-05-16,26.400407002766926,26.400407002766926,34.545000000000016,34.545000000000016,1
73,BASELINE,2023-05-23,2023-05-23,18.29230397542318,18.29230397542318,24.545833333333334,24.545833333333334,1
74,BASELINE,2023-05-30,2023-05-30,36.73339416503906,36.73339416503906,66.28625,66.28625,1
75,BASELINE,2023-06-06,2023-06-06,10.206435038248713,10.206435038248713,7.382083333333341,7.382083333333341,1
76,BASELINE,2023-06-13,2023-06-13,5.917092386881507,5.917092386881507,6.37166666666667,6.37166666666667,1
77,BASELINE,2023-06-20,2023-06-20,0.28624633789063125,0.28624633789063125,4.174583333333331,4.174583333333331,1
78,BASELINE,2023-06-27,2023-06-27,8.507386169433587,8.507386169433587,4.456666666666692,4.456666666666692,1
79,BASELINE,2023-07-04,2023-07-04,6.300548197428384,6.300548197428384,31.902500000000003,31.902500000000003,1
80,BASELINE,2023-07-11,2023-07-11,9.313529561360667,9.313529561360667,8.028333333333322,8.028333333333322,1
81,BASELINE,2023-07-18,2023-07-18,13.225249226888025,13.225249226888025,24.545833333333334,24.545833333333334,1
82,BASELINE,2023-07-25,2023-07-25,0.11917460123699186,0.11917460123699186,13.62458333333332,13.62458333333332,1
83,BASELINE,2023-08-01,2023-08-01,19.2161415608724,19.2161415608724,8.458749999999995,8.458749999999995,1
84,BASELINE,2023-08-08,2023-08-08,55.72277811686198,55.72277811686198,7.378333333333334,7.378333333333334,1
85,BASELINE,2023-08-15,2023-08-15,17.829525655110658,17.829525655110658,9.814999999999998,9.814999999999998,1
86,BASELINE,2023-08-22,2023-08-22,5.982209269205725,5.982209269205725,2.045000000000016,2.045000000000016,1
87,BASELINE,2023-08-29,2023-08-29,27.393826904296873,27.393826904296873,4.231666666666683,4.231666666666683,1
88,BASELINE,2023-09-05,2023-09-05,14.651291300455725,14.651291300455725,4.903333333333336,4.903333333333336,1
89,BASELINE,2023-09-12,2023-09-12,28.33892415364582,28.33892415364582,21.41083333333333,21.41083333333333,1
90,BASELINE,2023-09-19,2023-09-19,73.59504608154296,73.59504608154296,57.779999999999994,57.779999999999994,1
91,BASELINE,2023-09-26,2023-09-26,20.539520874023424,20.539520874023424,22.961249999999993,22.961249999999993,1
92,BASELINE,2023-10-03,2023-10-03,95.87101165771485,95.87101165771485,95.19541666666669,95.19541666666669,1
93,BASELINE,2023-10-10,2023-10-10,3.910784403483092,3.910784403483092,3.625416666666638,3.625416666666638,1
94,BASELINE,2023-10-17,2023-10-17,15.127813517252605,15.127813517252605,3.5745833333333223,3.5745833333333223,1
95,BASELINE,2023-10-24,2023-10-24,6.239197896321599,6.239197896321599,7.038333333333341,7.038333333333341,1
96,BASELINE,2023-10-31,2023-10-31,4.303942871093753,4.303942871093753,12.063749999999999,12.063749999999999,1
97,BASELINE,2023-11-07,2023-11-07,22.4870595296224,22.4870595296224,27.704166666666666,27.704166666666666,1
98,BASELINE,2023-11-14,2023-11-14,38.37137868245442,38.37137868245442,29.38624999999999,29.38624999999999,1
99,BASELINE,2023-11-21,2023-11-21,18.529412434895818,18.529412434895818,17.213749999999976,17.213749999999976,1
100,BASELINE,2023-11-28,2023-11-28,11.691013488769528,11.691013488769528,7.430833333333311,7.430833333333311,1
101,BASELINE,2023-12-05,2023-12-05,7.815088195800783,7.815088195800783,2.6345833333333246,2.6345833333333246,1
102,BASELINE,2023-12-12,2023-12-12,0.18642720540367463,0.18642720540367463,27.0091666666667,27.0091666666667,1
103,BASELINE,2023-12-19,2023-12-19,22.00154673258463,22.00154673258463,1.684583333333336,1.684583333333336,1
104,BASELINE,2023-12-26,2023-12-26,20.870413157145183,20.870413157145183,16.215,16.215,1
105,BASELINE,2024-01-02,2024-01-02,12.094306538899737,12.094306538899737,36.891666666666666,36.891666666666666,1
106,BASELINE,2024-01-09,2024-01-09,4.772635091145844,4.772635091145844,7.1650000000000205,7.1650000000000205,1
107,BASELINE,2024-01-16,2024-01-16,4.429016215006527,4.429016215006527,14.641250000000014,14.641250000000014,1
108,BASELINE,2024-01-23,2024-01-23,20.0286567179362,20.0286567179362,2.447499999999998,2.447499999999998,1
109,BASELINE,2024-01-30,2024-01-30,7.235904337565103,7.235904337565103,3.0658333333333303,3.0658333333333303,1
110,BASELINE,2024-02-06,2024-02-06,7.666037190755212,7.666037190755212,9.452083333333334,9.452083333333334,1
111,BASELINE,2024-02-13,2024-02-13,9.758037618001296,9.758037618001296,2.5237499999999926,2.5237499999999926,1
112,BASELINE,2024-02-20,2024-02-20,11.292459513346351,11.292459513346351,2.065416666666671,2.065416666666671,1
113,BASELINE,2024-02-27,2024-02-27,5.393470458984368,5.393470458984368,7.567916666666662,7.567916666666662,1
114,BASELINE,2024-03-05,2024-03-05,3.5012890624999926,3.5012890624999926,1.2866666666666617,1.2866666666666617,1
115,BASELINE,2024-03-12,2024-03-12,11.84433797200522,11.84433797200522,14.797083333333347,14.797083333333347,1
116,BASELINE,2024-03-19,2024-03-19,2.6627652994791617,2.6627652994791617,0.31749999999999545,0.31749999999999545,1
117,BASELINE,2024-03-26,2024-03-26,16.707917582194014,16.707917582194014,18.412499999999994,18.412499999999994,1
118,BASELINE,2024-04-02,2024-04-02,19.036949564615888,19.036949564615888,2.5291666666666686,2.5291666666666686,1
119,BASELINE,2024-04-09,2024-04-09,24.04858428955078,24.04858428955078,26.882083333333334,26.882083333333334,1
120,BASELINE,2024-04-16,2024-04-16,17.480257771809896,17.480257771809896,13.934583333333343,13.934583333333343,1
121,BASELINE,2024-04-23,2024-04-23,2.4686604817708258,2.4686604817708258,0.7716666666666896,0.7716666666666896,1
122,BASELINE,2024-04-30,2024-04-30,16.129502766927075,16.129502766927075,11.41749999999999,11.41749999999999,1
123,BASELINE,2024-05-07,2024-05-07,0.48704681396483807,0.48704681396483807,0.14000000000000057,0.14000000000000057,1
124,BASELINE,2024-05-14,2024-05-14,48.10204884847005,48.10204884847005,18.731666666666666,18.731666666666666,1
125,BASELINE,2024-05-21,2024-05-21,9.757180989583333,9.757180989583333,14.834166666666661,14.834166666666661,1
126,BASELINE,2024-05-28,2024-05-28,12.32688557942707,12.32688557942707,16.12999999999998,16.12999999999998,1
127,BASELINE,2024-06-04,2024-06-04,6.485939127604183,6.485939127604183,9.909999999999997,9.909999999999997,1
128,BASELINE,2024-06-11,2024-06-11,29.099072062174486,29.099072062174486,31.014166666666668,31.014166666666668,1
129,BASELINE,2024-06-18,2024-06-18,7.160392354329431,7.160392354329431,1.860833333333332,1.860833333333332,1
130,BASELINE,2024-06-25,2024-06-25,19.60276224772136,19.60276224772136,16.487083333333345,16.487083333333345,1
131,BASELINE,2024-07-02,2024-07-02,4.617690633138025,4.617690633138025,6.214166666666657,6.214166666666657,1
132,BASELINE,2024-07-09,2024-07-09,10.953023071289067,10.953023071289067,10.730833333333337,10.730833333333337,1
133,BASELINE,2024-07-16,2024-07-16,35.05586669921875,35.05586669921875,27.369999999999997,27.369999999999997,1
134,BASELINE,2024-07-23,2024-07-23,11.418720804850253,11.418720804850253,11.719166666666652,11.719166666666652,1
135,BASELINE,2024-07-30,2024-07-30,0.9621860758463612,0.9621860758463612,5.622083333333336,5.622083333333336,1
136,BASELINE,2024-08-06,2024-08-06,5.7053790283203085,5.7053790283203085,12.876249999999999,12.876249999999999,1
137,BASELINE,2024-08-13,2024-08-13,10.35823689778644,10.35823689778644,7.679999999999978,7.679999999999978,1
138,BASELINE,2024-08-20,2024-08-20,12.387542826334652,12.387542826334652,16.08416666666669,16.08416666666669,1
139,BASELINE,2024-08-27,2024-08-27,1.9131830851237055,1.9131830851237055,8.6875,8.6875,1
140,BASELINE,2024-09-03,2024-09-03,54.05725972493488,54.05725972493488,43.318333333333314,43.318333333333314,1
141,BASELINE,2024-09-10,2024-09-10,43.33975189208984,43.33975189208984,40.692083333333336,40.692083333333336,1
142,BASELINE,2024-09-17,2024-09-17,8.384306233723962,8.384306233723962,8.57916666666668,8.57916666666668,1
143,BASELINE,2024-09-24,2024-09-24,19.035971679687506,19.035971679687506,29.590000000000003,29.590000000000003,1
144,BASELINE,2024-10-01,2024-10-01,10.301865539550775,10.301865539550775,34.51208333333333,34.51208333333333,1
145,BASELINE,2024-10-08,2024-10-08,0.8613271077473996,0.8613271077473996,7.596666666666664,7.596666666666664,1
146,BASELINE,2024-10-15,2024-10-15,3.7549994913737095,3.7549994913737095,10.589166666666685,10.589166666666685,1
147,BASELINE,2024-10-22,2024-10-22,7.820193990071601,7.820193990071601,19.97499999999998,19.97499999999998,1
148,BASELINE,2024-10-29,2024-10-29,30.097884318033863,30.097884318033863,29.83083333333336,29.83083333333336,1
149,BASELINE,2024-11-05,2024-11-05,43.22143951416015,43.22143951416015,38.91666666666666,38.91666666666666,1
150,BASELINE,2024-11-12,2024-11-12,34.717063395182294,34.717063395182294,44.35749999999999,44.35749999999999,1
151,BASELINE,2024-11-19,2024-11-19,4.575690917968757,4.575690917968757,19.402083333333323,19.402083333333323,1
152,BASELINE,2024-11-26,2024-11-26,21.539820760091132,21.539820760091132,57.73499999999999,57.73499999999999,1
153,BASELINE,2024-12-03,2024-12-03,20.318177083333325,20.318177083333325,34.92416666666665,34.92416666666665,1
154,BASELINE,2024-12-10,2024-12-10,31.798165283203133,31.798165283203133,50.337500000000006,50.337500000000006,1
155,BASELINE,2024-12-17,2024-12-17,6.5353838094075485,6.5353838094075485,37.63,37.63,1
156,BASELINE,2024-12-24,2024-12-24,33.96226318359375,33.96226318359375,43.387499999999996,43.387499999999996,1
157,BASELINE,2024-12-31,2024-12-31,37.13359161376953,37.13359161376953,16.053333333333335,16.053333333333335,1
158,BASELINE,2025-01-07,2025-01-07,9.465915730794272,9.465915730794272,33.126666666666665,33.126666666666665,1
159,BASELINE,2025-01-14,2025-01-14,1.4032641601562545,1.4032641601562545,2.3841666666666868,2.3841666666666868,1
160,BASELINE,2025-01-21,2025-01-21,36.64671630859377,36.64671630859377,62.9016666666667,62.9016666666667,1
161,BASELINE,2025-01-28,2025-01-28,12.6981946818034,12.6981946818034,46.20083333333334,46.20083333333334,1
162,BASELINE,2025-02-04,2025-02-04,8.775140991210947,8.775140991210947,12.091666666666669,12.091666666666669,1
163,BASELINE,2025-02-11,2025-02-11,17.13211812337238,17.13211812337238,1.822499999999991,1.822499999999991,1
164,BASELINE,2025-02-18,2025-02-18,21.941107584635432,21.941107584635432,20.960416666666674,20.960416666666674,1
165,BASELINE,2025-02-25,2025-02-25,30.242898559570307,30.242898559570307,48.707499999999996,48.707499999999996,1
166,BASELINE,2025-03-04,2025-03-04,13.94364990234375,13.94364990234375,1.317083333333315,1.317083333333315,1
167,BASELINE,2025-03-11,2025-03-11,11.9831689453125,11.9831689453125,12.439999999999998,12.439999999999998,1
168,BASELINE,2025-03-18,2025-03-18,19.13211954752603,19.13211954752603,8.966249999999974,8.966249999999974,1
169,BASELINE,2025-03-25,2025-03-25,2.284112243652359,2.284112243652359,18.10333333333331,18.10333333333331,1
170,BASELINE,2025-04-01,2025-04-01,7.4775801595051945,7.4775801595051945,10.183333333333323,10.183333333333323,1
171,BASELINE,2025-04-08,2025-04-08,3.094379272460941,3.094379272460941,2.6137500000000102,2.6137500000000102,1
172,BASELINE,2025-04-15,2025-04-15,22.754071553548172,22.754071553548172,28.115416666666647,28.115416666666647,1
173,BASELINE,2025-04-22,2025-04-22,18.089715169270818,18.089715169270818,30.650416666666658,30.650416666666658,1
174,BASELINE,2025-04-29,2025-04-29,11.38337178548177,11.38337178548177,2.5462500000000006,2.5462500000000006,1
175,BASELINE,2025-05-06,2025-05-06,4.168666178385436,4.168666178385436,3.559166666666684,3.559166666666684,1
176,BASELINE,2025-05-13,2025-05-13,4.829636637369802,4.829636637369802,9.890833333333347,9.890833333333347,1
177,BASELINE,2025-05-20,2025-05-20,2.468315226236996,2.468315226236996,4.392083333333346,4.392083333333346,1
178,BASELINE,2025-05-27,2025-05-27,15.062073465983076,15.062073465983076,11.066666666666677,11.066666666666677,1
179,BASELINE,2025-06-03,2025-06-03,8.152437032063801,8.152437032063801,15.351249999999993,15.351249999999993,1
180,BASELINE,2025-06-10,2025-06-10,8.725007476806638,8.725007476806638,20.81125,20.81125,1
181,BASELINE,2025-06-17,2025-06-17,10.015948791503902,10.015948791503902,3.548333333333332,3.548333333333332,1
182,BASELINE,2025-06-24,2025-06-24,21.11252888997396,21.11252888997396,8.48166666666667,8.48166666666667,1
183,BASELINE,2025-07-01,2025-07-01,55.02180226643881,55.02180226643881,35.940833333333345,35.940833333333345,1
184,BASELINE,2025-07-08,2025-07-08,5.205761718749997,5.205761718749997,9.96083333333334,9.96083333333334,1
185,BASELINE,2025-07-15,2025-07-15,1.1961381022135384,1.1961381022135384,7.647083333333342,7.647083333333342,1
186,BASELINE,2025-07-22,2025-07-22,20.499591166178377,20.499591166178377,21.84916666666666,21.84916666666666,1
187,BASELINE,2025-07-29,2025-07-29,20.564399108886718,20.564399108886718,17.123333333333335,17.123333333333335,1
188,BASELINE,2025-08-05,2025-08-05,43.87240610758463,43.87240610758463,27.4075,27.4075,1
189,BASELINE,2025-08-12,2025-08-12,1.9480872599283856,1.9480872599283856,0.47458333333332803,0.47458333333332803,1
190,BASELINE,2025-08-19,2025-08-19,10.19425364176432,10.19425364176432,9.144166666666663,9.144166666666663,1
191,BASELINE,2025-08-26,2025-08-26,7.872250773111986,7.872250773111986,10.698750000000004,10.698750000000004,1
192,BASELINE,2025-09-02,2025-09-02,21.96947031656903,21.96947031656903,20.62666666666668,20.62666666666668,1
193,BASELINE,2025-09-09,2025-09-09,36.743039652506496,36.743039652506496,18.890833333333333,18.890833333333333,1
194,BASELINE,2025-09-16,2025-09-16,43.05424407958984,43.05424407958984,10.691666666666668,10.691666666666668,1
195,BASELINE,2025-09-23,2025-09-23,11.401022338867193,11.401022338867193,5.591666666666669,5.591666666666669,1
196,BASELINE,2025-09-30,2025-09-30,16.924337158203116,16.924337158203116,5.600833333333327,5.600833333333327,1
197,BASELINE,2025-10-07,2025-10-07,40.09138651529949,40.09138651529949,51.77708333333335,51.77708333333335,1
198,BASELINE,2025-10-14,2025-10-14,26.801927490234362,26.801927490234362,17.087499999999977,17.087499999999977,1
199,BASELINE,2025-10-21,2025-10-21,42.85947692871093,42.85947692871093,14.456666666666663,14.456666666666663,1
200,BASELINE,2025-10-28,2025-10-28,20.452435506184898,20.452435506184898,1.7283333333333388,1.7283333333333388,1
201,BASELINE,2025-11-04,2025-11-04,24.167551167805996,24.167551167805996,4.7420833333333405,4.7420833333333405,1
202,BASELINE,2025-11-11,2025-11-11,23.694526570638004,23.694526570638004,13.001249999999999,13.001249999999999,1
203,BASELINE,2025-11-18,2025-11-18,0.07109903971355891,0.07109903971355891,7.249583333333362,7.249583333333362,1
204,BASELINE,2025-11-25,2025-11-25,99.47384165445965,99.47384165445965,88.15375,88.15375,1
205,BASELINE,2025-12-02,2025-12-02,8.859571431477875,8.859571431477875,6.938333333333333,6.938333333333333,1
206,BASELINE,2025-12-09,2025-12-09,7.7477433268229134,7.7477433268229134,20.938333333333333,20.938333333333333,1
207,BASELINE,2025-12-16,2025-12-16,5.6950380452473865,5.6950380452473865,19.34083333333332,19.34083333333332,1
208,BASELINE,2025-12-23,2025-12-23,25.35612599690755,25.35612599690755,10.822083333333339,10.822083333333339,1
209,BASELINE,2025-12-30,2025-12-30,5.785251159667965,5.785251159667965,6.5874999999999915,6.5874999999999915,1
210,BASELINE,2026-01-06,2026-01-06,7.973130900065101,7.973130900065101,6.986666666666665,6.986666666666665,1
211,BASELINE,2026-01-13,2026-01-13,3.3835745239257875,3.3835745239257875,1.3599999999999994,1.3599999999999994,1
212,BASELINE,2026-01-20,2026-01-20,23.977280273437486,23.977280273437486,16.176666666666648,16.176666666666648,1
213,BASELINE,2026-01-27,2026-01-27,7.8417645263672,7.8417645263672,10.701666666666682,10.701666666666682,1
214,BASELINE,2026-02-03,2026-02-03,24.36518656412761,24.36518656412761,9.26666666666668,9.26666666666668,1
215,BASELINE,2026-02-10,2026-02-10,17.495602010091133,17.495602010091133,22.43458333333332,22.43458333333332,1
216,BASELINE,2026-02-17,2026-02-17,13.097020161946617,13.097020161946617,2.735833333333346,2.735833333333346,1
217,BASELINE,2026-02-24,2026-02-24,20.241186930338557,20.241186930338557,46.73541666666668,46.73541666666668,1
218,SHOCK_2026,2026-03-03,2026-03-03,8.651184285481762,8.651184285481762,13.659999999999982,13.659999999999982,1
219,SHOCK_2026,2026-03-10,2026-03-10,10.217707112630222,10.217707112630222,4.133333333333354,4.133333333333354,1
220,SHOCK_2026,2026-03-17,2026-03-17,34.0726247151693,34.0726247151693,52.65916666666669,52.65916666666669,1
221,SHOCK_2026,2026-03-24,2026-03-24,54.56390014648437,54.56390014648437,65.10541666666666,65.10541666666666,1
222,SHOCK_2026,2026-03-31,2026-03-31,36.0133678181966,36.0133678181966,59.38833333333332,59.38833333333332,1
223,SHOCK_2026,2026-04-07,2026-04-07,39.762295735677085,39.762295735677085,86.85208333333334,86.85208333333334,1
224,SHOCK_2026,2026-04-14,2026-04-14,25.462666625976567,25.462666625976567,10.785833333333343,10.785833333333343,1
225,SHOCK_2026,2026-04-21,2026-04-21,23.78149332682291,23.78149332682291,15.136249999999976,15.136249999999976,1
226,SHOCK_2026,2026-04-28,2026-04-28,27.188433329264328,27.188433329264328,27.709583333333356,27.709583333333356,1
227,SHOCK_2026,2026-05-05,2026-05-05,20.837756347656267,20.837756347656267,2.3329166666666765,2.3329166666666765,1
228,SHOCK_2026,2026-05-12,2026-05-12,16.24969635009765,16.24969635009765,25.951249999999987,25.951249999999987,1
229,SHOCK_2026,2026-05-19,2026-05-19,8.333822631835943,8.333822631835943,10.828749999999985,10.828749999999985,1
230,SHOCK_2026,2026-05-26,2026-05-26,1.0044616699218807,1.0044616699218807,16.420833333333334,16.420833333333334,1
231,SHOCK_2026,2026-06-02,2026-06-02,5.0985098266601625,5.0985098266601625,29.842499999999987,29.842499999999987,1
232,SHOCK_2026,2026-06-09,2026-06-09,12.092405497233088,12.092405497233088,27.37583333333336,27.37583333333336,1
233,SHOCK_2026,2026-06-16,2026-06-16,24.287682698567693,24.287682698567693,38.813749999999985,38.813749999999985,1
234,SHOCK_2026,2026-06-23,2026-06-23,57.98003245035807,57.98003245035807,50.82583333333332,50.82583333333332,1
235,SHOCK_2026,2026-06-30,2026-06-30,55.85513834635415,55.85513834635415,47.05166666666665,47.05166666666665,1
236,SHOCK_2026,2026-07-07,2026-07-07,37.10197875976563,37.10197875976563,26.027083333333323,26.027083333333323,1
237,SHOCK_2026,2026-07-14,2026-07-14,4.642846883138006,4.642846883138006,4.862083333333317,4.862083333333317,1
238,SHOCK_2026,2026-07-21,2026-07-21,3.9021081542968687,3.9021081542968687,9.795416666666668,9.795416666666668,1
239,SHOCK_2026,2026-07-28,2026-07-28,15.364205729166684,15.364205729166684,39.73458333333335,39.73458333333335,1
240,SHOCK_2026,2026-08-04,2026-08-04,21.88377583821614,21.88377583821614,21.69666666666666,21.69666666666666,1
241,SHOCK_2026,2026-08-11,2026-08-11,16.20229309082032,16.20229309082032,7.52791666666667,7.52791666666667,1
242,SHOCK_2026,2026-08-18,2026-08-18,8.68220784505209,8.68220784505209,12.802916666666647,12.802916666666647,1
243,SHOCK_2026,2026-08-25,2026-08-25,3.687422892252613,3.687422892252613,1.7566666666666606,1.7566666666666606,1
244,SHOCK_2026,2026-09-01,2026-09-01,18.095096130371104,18.095096130371104,31.94916666666667,31.94916666666667,1
