fold_id,period,test_start,test_end,prophet_MAE,prophet_RMSE,hybrid_MAE,hybrid_RMSE,n_test
1,BASELINE,2022-01-04,2022-01-04,70.65755870228489,70.65755870228489,68.87161610240261,68.87161610240261,1
2,BASELINE,2022-01-11,2022-01-11,31.73111584942339,31.73111584942339,28.42091158192156,28.42091158192156,1
3,BASELINE,2022-01-18,2022-01-18,10.203130555231212,10.203130555231212,86.21729834087574,86.21729834087574,1
4,BASELINE,2022-01-25,2022-01-25,70.21444823750053,70.21444823750053,49.85753943928276,49.85753943928276,1
5,BASELINE,2022-02-01,2022-02-01,77.41823652268806,77.41823652268806,79.89338424683967,79.89338424683967,1
6,BASELINE,2022-02-08,2022-02-08,81.6814188080784,81.6814188080784,35.23685780343973,35.23685780343973,1
7,BASELINE,2022-02-15,2022-02-15,46.15352604879493,46.15352604879493,11.185634870394523,11.185634870394523,1
8,BASELINE,2022-02-22,2022-02-22,55.16314503133553,55.16314503133553,8.683412585851968,8.683412585851968,1
9,SHOCK_2022,2022-03-01,2022-03-01,67.50297110694535,67.50297110694535,28.840354377209025,28.840354377209025,1
10,SHOCK_2022,2022-03-08,2022-03-08,271.6639885062582,271.6639885062582,94.59553757852376,94.59553757852376,1
11,SHOCK_2022,2022-03-15,2022-03-15,67.09864075925825,67.09864075925825,47.571113903789495,47.571113903789495,1
12,SHOCK_2022,2022-03-22,2022-03-22,1.1868463013177006,1.1868463013177006,45.53395982050847,45.53395982050847,1
13,SHOCK_2022,2022-03-29,2022-03-29,9.197350248582978,9.197350248582978,14.573034986742158,14.573034986742158,1
14,SHOCK_2022,2022-04-05,2022-04-05,55.36452558768562,55.36452558768562,13.86972734200188,13.86972734200188,1
15,SHOCK_2022,2022-04-12,2022-04-12,40.243011542081035,40.243011542081035,28.50545603823582,28.50545603823582,1
16,SHOCK_2022,2022-04-19,2022-04-19,9.898203370825371,9.898203370825371,41.3421340010008,41.3421340010008,1
17,SHOCK_2022,2022-04-26,2022-04-26,20.0204430579646,20.0204430579646,0.07890329356030179,0.07890329356030179,1
18,SHOCK_2022,2022-05-03,2022-05-03,3.8347360285586944,3.8347360285586944,30.313945928461038,30.313945928461038,1
19,SHOCK_2022,2022-05-10,2022-05-10,42.47457903212592,42.47457903212592,43.26756345814749,43.26756345814749,1
20,SHOCK_2022,2022-05-17,2022-05-17,1.8391906849871305,1.8391906849871305,17.43676491899592,17.43676491899592,1
21,SHOCK_2022,2022-05-24,2022-05-24,58.95808849946968,58.95808849946968,24.226082426471635,24.226082426471635,1
22,SHOCK_2022,2022-05-31,2022-05-31,1.6787624960403207,1.6787624960403207,43.477533400581336,43.477533400581336,1
23,SHOCK_2022,2022-06-07,2022-06-07,26.923973577750843,26.923973577750843,30.166987878547985,30.166987878547985,1
24,SHOCK_2022,2022-06-14,2022-06-14,12.18081946261617,12.18081946261617,17.819054652374064,17.819054652374064,1
25,SHOCK_2022,2022-06-21,2022-06-21,79.68570804783221,79.68570804783221,24.054421426738486,24.054421426738486,1
26,SHOCK_2022,2022-06-28,2022-06-28,108.40414098036078,108.40414098036078,27.263507335068937,27.263507335068937,1
27,SHOCK_2022,2022-07-05,2022-07-05,84.90655332204472,84.90655332204472,22.599596077171668,22.599596077171668,1
28,SHOCK_2022,2022-07-12,2022-07-12,134.77204787478445,134.77204787478445,5.483946678495386,5.483946678495386,1
29,SHOCK_2022,2022-07-19,2022-07-19,141.19978871284502,141.19978871284502,2.0244697100065423,2.0244697100065423,1
30,SHOCK_2022,2022-07-26,2022-07-26,46.952101126599814,46.952101126599814,3.8534721287970797,3.8534721287970797,1
31,SHOCK_2022,2022-08-02,2022-08-02,93.4845252724387,93.4845252724387,35.446367671897235,35.446367671897235,1
32,SHOCK_2022,2022-08-09,2022-08-09,42.45465641564971,42.45465641564971,51.988596147826854,51.988596147826854,1
33,SHOCK_2022,2022-08-16,2022-08-16,165.74596889342615,165.74596889342615,68.27580745543787,68.27580745543787,1
34,SHOCK_2022,2022-08-23,2022-08-23,236.67405402751746,236.67405402751746,74.84844672771271,74.84844672771271,1
35,SHOCK_2022,2022-08-30,2022-08-30,218.72043080200388,218.72043080200388,79.321291397707,79.321291397707,1
36,SHOCK_2022,2022-09-06,2022-09-06,43.35077548572531,43.35077548572531,42.82733131000509,42.82733131000509,1
37,SHOCK_2022,2022-09-13,2022-09-13,82.2967365019154,82.2967365019154,78.5715339414906,78.5715339414906,1
38,SHOCK_2022,2022-09-20,2022-09-20,90.52000308065061,90.52000308065061,67.12378048868533,67.12378048868533,1
39,SHOCK_2022,2022-09-27,2022-09-27,146.8755477531261,146.8755477531261,57.183457984178574,57.183457984178574,1
40,SHOCK_2022,2022-10-04,2022-10-04,181.76375649756014,181.76375649756014,24.834891573728925,24.834891573728925,1
41,SHOCK_2022,2022-10-11,2022-10-11,139.4897117856222,139.4897117856222,23.71527478664342,23.71527478664342,1
42,SHOCK_2022,2022-10-18,2022-10-18,197.18796011878115,197.18796011878115,49.488909215460836,49.488909215460836,1
43,SHOCK_2022,2022-10-25,2022-10-25,253.10305074915027,253.10305074915027,43.36385397180652,43.36385397180652,1
44,SHOCK_2022,2022-11-01,2022-11-01,272.68809733424047,272.68809733424047,143.8180106643186,143.8180106643186,1
45,SHOCK_2022,2022-11-08,2022-11-08,230.43234625328927,230.43234625328927,84.31624212731272,84.31624212731272,1
46,SHOCK_2022,2022-11-15,2022-11-15,126.09042191074914,126.09042191074914,36.01046585606164,36.01046585606164,1
47,SHOCK_2022,2022-11-22,2022-11-22,77.12418514582626,77.12418514582626,59.5808292040538,59.5808292040538,1
48,SHOCK_2022,2022-11-29,2022-11-29,106.82058701858716,106.82058701858716,64.24216447220044,64.24216447220044,1
49,SHOCK_2022,2022-12-06,2022-12-06,108.30765237754207,108.30765237754207,17.530345058981368,17.530345058981368,1
50,SHOCK_2022,2022-12-13,2022-12-13,150.10829359127524,150.10829359127524,40.68586927486899,40.68586927486899,1
51,SHOCK_2022,2022-12-20,2022-12-20,113.75495654922426,113.75495654922426,99.70020992141664,99.70020992141664,1
52,SHOCK_2022,2022-12-27,2022-12-27,181.54024639049226,181.54024639049226,49.297738455921944,49.297738455921944,1
53,SHOCK_2022,2023-01-03,2023-01-03,69.66243144742225,69.66243144742225,27.50670459994103,27.50670459994103,1
54,SHOCK_2022,2023-01-10,2023-01-10,0.4507166350031184,0.4507166350031184,13.980466505303411,13.980466505303411,1
55,SHOCK_2022,2023-01-17,2023-01-17,3.0499269482978093,3.0499269482978093,11.17631988550346,11.17631988550346,1
56,SHOCK_2022,2023-01-24,2023-01-24,49.08770275872439,49.08770275872439,49.69770110409945,49.69770110409945,1
57,SHOCK_2022,2023-01-31,2023-01-31,8.793675709703905,8.793675709703905,34.83698148634102,34.83698148634102,1
58,SHOCK_2022,2023-02-07,2023-02-07,87.90609689136963,87.90609689136963,62.69756837269287,62.69756837269287,1
59,SHOCK_2022,2023-02-14,2023-02-14,64.47072127266622,64.47072127266622,24.439852742392787,24.439852742392787,1
60,SHOCK_2022,2023-02-21,2023-02-21,3.0939760533611604,3.0939760533611604,2.178364667062027,2.178364667062027,1
61,BASELINE,2023-02-28,2023-02-28,0.03936692286904986,0.03936692286904986,3.343592367662751,3.343592367662751,1
62,BASELINE,2023-03-07,2023-03-07,53.38149841665951,53.38149841665951,50.33667047857968,50.33667047857968,1
63,BASELINE,2023-03-14,2023-03-14,62.16658849741113,62.16658849741113,39.33251638437402,39.33251638437402,1
64,BASELINE,2023-03-21,2023-03-21,10.708253854001669,10.708253854001669,38.985717766965536,38.985717766965536,1
65,BASELINE,2023-03-28,2023-03-28,32.17049721458221,32.17049721458221,38.448281085279234,38.448281085279234,1
66,BASELINE,2023-04-04,2023-04-04,56.20199107536163,56.20199107536163,39.07028865226593,39.07028865226593,1
67,BASELINE,2023-04-11,2023-04-11,16.113037166281238,16.113037166281238,7.608272609396472,7.608272609396472,1
68,BASELINE,2023-04-18,2023-04-18,28.02310785835914,28.02310785835914,0.2521053832180087,0.2521053832180087,1
69,BASELINE,2023-04-25,2023-04-25,17.336082190647275,17.336082190647275,1.3961336907003812,1.3961336907003812,1
70,BASELINE,2023-05-02,2023-05-02,12.587139574258828,12.587139574258828,4.68735071775248,4.68735071775248,1
71,BASELINE,2023-05-09,2023-05-09,7.83362887637567,7.83362887637567,5.202028052640443,5.202028052640443,1
72,BASELINE,2023-05-16,2023-05-16,8.546387589688507,8.546387589688507,11.172501004452911,11.172501004452911,1
73,BASELINE,2023-05-23,2023-05-23,22.618339512552012,22.618339512552012,8.617123577798594,8.617123577798594,1
74,BASELINE,2023-05-30,2023-05-30,43.29593204369718,43.29593204369718,29.138345945979893,29.138345945979893,1
75,BASELINE,2023-06-06,2023-06-06,34.72709719406214,34.72709719406214,19.201156298981573,19.201156298981573,1
76,BASELINE,2023-06-13,2023-06-13,5.016733024664035,5.016733024664035,28.561132575921903,28.561132575921903,1
77,BASELINE,2023-06-20,2023-06-20,18.415520656037657,18.415520656037657,9.66279982321295,9.66279982321295,1
78,BASELINE,2023-06-27,2023-06-27,6.1673129444644275,6.1673129444644275,7.03780099206422,7.03780099206422,1
79,BASELINE,2023-07-04,2023-07-04,21.116241583316565,21.116241583316565,14.535713067562341,14.535713067562341,1
80,BASELINE,2023-07-11,2023-07-11,14.065730054630194,14.065730054630194,4.10497661377326,4.10497661377326,1
81,BASELINE,2023-07-18,2023-07-18,12.718355656473534,12.718355656473534,6.490823269693749,6.490823269693749,1
82,BASELINE,2023-07-25,2023-07-25,10.29739390075217,10.29739390075217,1.9343081539870326,1.9343081539870326,1
83,BASELINE,2023-08-01,2023-08-01,27.607593803984187,27.607593803984187,7.4918082052293045,7.4918082052293045,1
84,BASELINE,2023-08-08,2023-08-08,101.42616548063825,101.42616548063825,67.61941804411481,67.61941804411481,1
85,BASELINE,2023-08-15,2023-08-15,47.99952694980031,47.99952694980031,28.386205645479023,28.386205645479023,1
86,BASELINE,2023-08-22,2023-08-22,50.769756995856255,50.769756995856255,14.976029121100396,14.976029121100396,1
87,BASELINE,2023-08-29,2023-08-29,50.84626301884626,50.84626301884626,45.03374728322004,45.03374728322004,1
88,BASELINE,2023-09-05,2023-09-05,35.09591432468169,35.09591432468169,9.527582684595657,9.527582684595657,1
89,BASELINE,2023-09-12,2023-09-12,38.50674248933987,38.50674248933987,54.02596284151272,54.02596284151272,1
90,BASELINE,2023-09-19,2023-09-19,32.68387400340479,32.68387400340479,11.643899790758304,11.643899790758304,1
91,BASELINE,2023-09-26,2023-09-26,69.06291213684335,69.06291213684335,59.169319302370695,59.169319302370695,1
92,BASELINE,2023-10-03,2023-10-03,39.37381549801591,39.37381549801591,8.471263847014932,8.471263847014932,1
93,BASELINE,2023-10-10,2023-10-10,75.91491367652989,75.91491367652989,36.040058635025986,36.040058635025986,1
94,BASELINE,2023-10-17,2023-10-17,109.21766173034293,109.21766173034293,99.41962801604849,99.41962801604849,1
95,BASELINE,2023-10-24,2023-10-24,104.98989709546946,104.98989709546946,22.829489075449928,22.829489075449928,1
96,BASELINE,2023-10-31,2023-10-31,82.35561052752372,82.35561052752372,69.15887133074638,69.15887133074638,1
97,BASELINE,2023-11-07,2023-11-07,68.88086380771843,68.88086380771843,42.62390198520866,42.62390198520866,1
98,BASELINE,2023-11-14,2023-11-14,14.063713111350502,14.063713111350502,18.691227473685707,18.691227473685707,1
99,BASELINE,2023-11-21,2023-11-21,33.30904930317453,33.30904930317453,18.695039445996798,18.695039445996798,1
100,BASELINE,2023-11-28,2023-11-28,20.898547308171004,20.898547308171004,20.294836001122206,20.294836001122206,1
101,BASELINE,2023-12-05,2023-12-05,70.92902847863307,70.92902847863307,20.673687902461197,20.673687902461197,1
102,BASELINE,2023-12-12,2023-12-12,68.60301165467462,68.60301165467462,32.957496212780086,32.957496212780086,1
103,BASELINE,2023-12-19,2023-12-19,37.36214571255708,37.36214571255708,3.73892850619292,3.73892850619292,1
104,BASELINE,2023-12-26,2023-12-26,13.428125328236359,13.428125328236359,17.011297279185516,17.011297279185516,1
105,BASELINE,2024-01-02,2024-01-02,67.00905832258577,67.00905832258577,57.814995135940265,57.814995135940265,1
106,BASELINE,2024-01-09,2024-01-09,98.5137625484787,98.5137625484787,68.35068614772186,68.35068614772186,1
107,BASELINE,2024-01-16,2024-01-16,43.00377378901682,43.00377378901682,10.8876315160676,10.8876315160676,1
108,BASELINE,2024-01-23,2024-01-23,25.15719918505357,25.15719918505357,23.025815527598127,23.025815527598127,1
109,BASELINE,2024-01-30,2024-01-30,16.21624826437536,16.21624826437536,27.020594844755493,27.020594844755493,1
110,BASELINE,2024-02-06,2024-02-06,16.31773000372696,16.31773000372696,24.72276216162491,24.72276216162491,1
111,BASELINE,2024-02-13,2024-02-13,39.859680140353746,39.859680140353746,11.102462733127183,11.102462733127183,1
112,BASELINE,2024-02-20,2024-02-20,6.889902326520783,6.889902326520783,20.281965044084693,20.281965044084693,1
113,BASELINE,2024-02-27,2024-02-27,8.008673789312127,8.008673789312127,26.257331015874627,26.257331015874627,1
114,BASELINE,2024-03-05,2024-03-05,18.86781075886357,18.86781075886357,28.102115186964156,28.102115186964156,1
115,BASELINE,2024-03-12,2024-03-12,5.455276199503189,5.455276199503189,8.762658408956284,8.762658408956284,1
116,BASELINE,2024-03-19,2024-03-19,13.141171599198515,13.141171599198515,9.775923872758085,9.775923872758085,1
117,BASELINE,2024-03-26,2024-03-26,3.632792335473198,3.632792335473198,15.201336998022896,15.201336998022896,1
118,BASELINE,2024-04-02,2024-04-02,25.87293249551258,25.87293249551258,24.79903763715229,24.79903763715229,1
119,BASELINE,2024-04-09,2024-04-09,0.7524756867479354,0.7524756867479354,25.34742350168934,25.34742350168934,1
120,BASELINE,2024-04-16,2024-04-16,3.692004717219099,3.692004717219099,28.485709703791365,28.485709703791365,1
121,BASELINE,2024-04-23,2024-04-23,25.40282545788149,25.40282545788149,1.943139178584616,1.943139178584616,1
122,BASELINE,2024-04-30,2024-04-30,15.332586701441372,15.332586701441372,19.482294972467983,19.482294972467983,1
123,BASELINE,2024-05-07,2024-05-07,11.241561772938581,11.241561772938581,7.892124292735247,7.892124292735247,1
124,BASELINE,2024-05-14,2024-05-14,37.8633605141395,37.8633605141395,25.72578059623179,25.72578059623179,1
125,BASELINE,2024-05-21,2024-05-21,28.896978014716154,28.896978014716154,8.035672777899748,8.035672777899748,1
126,BASELINE,2024-05-28,2024-05-28,32.29984578076694,32.29984578076694,25.348758305943946,25.348758305943946,1
127,BASELINE,2024-06-04,2024-06-04,32.51642086868421,32.51642086868421,10.716871765901004,10.716871765901004,1
128,BASELINE,2024-06-11,2024-06-11,32.024508325583085,32.024508325583085,46.44150909615193,46.44150909615193,1
129,BASELINE,2024-06-18,2024-06-18,7.4769164165922035,7.4769164165922035,7.242027579850756,7.242027579850756,1
130,BASELINE,2024-06-25,2024-06-25,32.350579927548154,32.350579927548154,31.30595845995782,31.30595845995782,1
131,BASELINE,2024-07-02,2024-07-02,27.161875043022192,27.161875043022192,21.774818215477026,21.774818215477026,1
132,BASELINE,2024-07-09,2024-07-09,36.77798278253641,36.77798278253641,27.73331649225321,27.73331649225321,1
133,BASELINE,2024-07-16,2024-07-16,67.30544402048648,67.30544402048648,40.27912070200504,40.27912070200504,1
134,BASELINE,2024-07-23,2024-07-23,37.47218655874049,37.47218655874049,15.78581952382838,15.78581952382838,1
135,BASELINE,2024-07-30,2024-07-30,35.79644008872761,35.79644008872761,19.45239254234089,19.45239254234089,1
136,BASELINE,2024-08-06,2024-08-06,35.318759976456946,35.318759976456946,19.525743542741125,19.525743542741125,1
137,BASELINE,2024-08-13,2024-08-13,44.45008700194438,44.45008700194438,25.26774637999614,25.26774637999614,1
138,BASELINE,2024-08-20,2024-08-20,78.34890913725357,78.34890913725357,34.986932513718415,34.986932513718415,1
139,BASELINE,2024-08-27,2024-08-27,80.06768914579038,80.06768914579038,69.93493291257505,69.93493291257505,1
140,BASELINE,2024-09-03,2024-09-03,5.76865419717538,5.76865419717538,34.521038382966395,34.521038382966395,1
141,BASELINE,2024-09-10,2024-09-10,65.26288560319242,65.26288560319242,42.74211266923245,42.74211266923245,1
142,BASELINE,2024-09-17,2024-09-17,12.128084503738975,12.128084503738975,2.3574892648767474,2.3574892648767474,1
143,BASELINE,2024-09-24,2024-09-24,0.8612418646699069,0.8612418646699069,7.057364511001694,7.057364511001694,1
144,BASELINE,2024-10-01,2024-10-01,12.56114273761628,12.56114273761628,1.656911080132744,1.656911080132744,1
145,BASELINE,2024-10-08,2024-10-08,18.26229352182449,18.26229352182449,18.00636101192535,18.00636101192535,1
146,BASELINE,2024-10-15,2024-10-15,34.71080193327341,34.71080193327341,25.02674946592721,25.02674946592721,1
147,BASELINE,2024-10-22,2024-10-22,53.147553404106915,53.147553404106915,35.351843794121564,35.351843794121564,1
148,BASELINE,2024-10-29,2024-10-29,90.40076576809666,90.40076576809666,81.99631535153172,81.99631535153172,1
149,BASELINE,2024-11-05,2024-11-05,102.70759684984428,102.70759684984428,69.47153575365287,69.47153575365287,1
150,BASELINE,2024-11-12,2024-11-12,84.44969253841334,84.44969253841334,51.583725741538345,51.583725741538345,1
151,BASELINE,2024-11-19,2024-11-19,13.916226991148648,13.916226991148648,11.551149018736538,11.551149018736538,1
152,BASELINE,2024-11-26,2024-11-26,29.82720224949516,29.82720224949516,18.661494802506795,18.661494802506795,1
153,BASELINE,2024-12-03,2024-12-03,29.23580492240788,29.23580492240788,29.510025613480792,29.510025613480792,1
154,BASELINE,2024-12-10,2024-12-10,23.059626237666777,23.059626237666777,22.767163618290255,22.767163618290255,1
155,BASELINE,2024-12-17,2024-12-17,54.99875487059991,54.99875487059991,14.895127880864933,14.895127880864933,1
156,BASELINE,2024-12-24,2024-12-24,25.248782545737797,25.248782545737797,63.00189915340381,63.00189915340381,1
157,BASELINE,2024-12-31,2024-12-31,15.893798288497656,15.893798288497656,21.48206513801548,21.48206513801548,1
158,BASELINE,2025-01-07,2025-01-07,6.320858596581701,6.320858596581701,26.98543035866666,26.98543035866666,1
159,BASELINE,2025-01-14,2025-01-14,40.88955569295905,40.88955569295905,14.74962306051276,14.74962306051276,1
160,BASELINE,2025-01-21,2025-01-21,56.13517532036971,56.13517532036971,37.28006973578263,37.28006973578263,1
161,BASELINE,2025-01-28,2025-01-28,4.882270392325978,4.882270392325978,2.1579012309040024,2.1579012309040024,1
162,BASELINE,2025-02-04,2025-02-04,63.68009501350113,63.68009501350113,19.57122736823746,19.57122736823746,1
163,BASELINE,2025-02-11,2025-02-11,47.9389124378737,47.9389124378737,27.30212883802018,27.30212883802018,1
164,BASELINE,2025-02-18,2025-02-18,33.85095320319506,33.85095320319506,2.47375764275219,2.47375764275219,1
165,BASELINE,2025-02-25,2025-02-25,21.53393959133399,21.53393959133399,26.368216744349127,26.368216744349127,1
166,BASELINE,2025-03-04,2025-03-04,23.98886609320145,23.98886609320145,35.36268258337479,35.36268258337479,1
167,BASELINE,2025-03-11,2025-03-11,4.996257435008573,4.996257435008573,10.845000873729276,10.845000873729276,1
168,BASELINE,2025-03-18,2025-03-18,17.830989113882893,17.830989113882893,5.3070986185826,5.3070986185826,1
169,BASELINE,2025-03-25,2025-03-25,14.02958721611462,14.02958721611462,14.926217608714481,14.926217608714481,1
170,BASELINE,2025-04-01,2025-04-01,2.991475176756424,2.991475176756424,11.246273112242264,11.246273112242264,1
171,BASELINE,2025-04-08,2025-04-08,3.730539304130076,3.730539304130076,5.987823504097463,5.987823504097463,1
172,BASELINE,2025-04-15,2025-04-15,29.709224668305424,29.709224668305424,27.412930932801274,27.412930932801274,1
173,BASELINE,2025-04-22,2025-04-22,8.103179710101685,8.103179710101685,8.057457408052286,8.057457408052286,1
174,BASELINE,2025-04-29,2025-04-29,38.61436190321611,38.61436190321611,35.14746346190141,35.14746346190141,1
175,BASELINE,2025-05-06,2025-05-06,16.26494554938266,16.26494554938266,14.290781182660552,14.290781182660552,1
176,BASELINE,2025-05-13,2025-05-13,18.007514945858745,18.007514945858745,4.6390123289764205,4.6390123289764205,1
177,BASELINE,2025-05-20,2025-05-20,3.4697373623777565,3.4697373623777565,9.710791897289866,9.710791897289866,1
178,BASELINE,2025-05-27,2025-05-27,23.966163620350628,23.966163620350628,12.075841888783245,12.075841888783245,1
179,BASELINE,2025-06-03,2025-06-03,24.740971059168743,24.740971059168743,17.7749447530164,17.7749447530164,1
180,BASELINE,2025-06-10,2025-06-10,53.80800535721508,53.80800535721508,39.88409998459545,39.88409998459545,1
181,BASELINE,2025-06-17,2025-06-17,28.782313711784454,28.782313711784454,17.33836591973123,17.33836591973123,1
182,BASELINE,2025-06-24,2025-06-24,66.58350919168969,66.58350919168969,32.61684583109398,32.61684583109398,1
183,BASELINE,2025-07-01,2025-07-01,22.95902324264091,22.95902324264091,49.03812289779228,49.03812289779228,1
184,BASELINE,2025-07-08,2025-07-08,32.09764171944089,32.09764171944089,9.52404857979245,9.52404857979245,1
185,BASELINE,2025-07-15,2025-07-15,37.58863620022025,37.58863620022025,11.398134033472203,11.398134033472203,1
186,BASELINE,2025-07-22,2025-07-22,47.862409853528945,47.862409853528945,27.426327013563125,27.426327013563125,1
187,BASELINE,2025-07-29,2025-07-29,43.72878652347268,43.72878652347268,25.769941384922873,25.769941384922873,1
188,BASELINE,2025-08-05,2025-08-05,87.26681154961915,87.26681154961915,56.18420809502931,56.18420809502931,1
189,BASELINE,2025-08-12,2025-08-12,53.66577281547988,53.66577281547988,20.30449046684707,20.30449046684707,1
190,BASELINE,2025-08-19,2025-08-19,78.69453889392425,78.69453889392425,39.65699845813323,39.65699845813323,1
191,BASELINE,2025-08-26,2025-08-26,70.2101173924856,70.2101173924856,24.549617819731694,24.549617819731694,1
192,BASELINE,2025-09-02,2025-09-02,36.33736006411469,36.33736006411469,1.9812351861850033,1.9812351861850033,1
193,BASELINE,2025-09-09,2025-09-09,6.249687854423996,6.249687854423996,32.74010914959001,32.74010914959001,1
194,BASELINE,2025-09-16,2025-09-16,96.40484045504559,96.40484045504559,45.8843860483073,45.8843860483073,1
195,BASELINE,2025-09-23,2025-09-23,1.7625090120429974,1.7625090120429974,6.605052328289034,6.605052328289034,1
196,BASELINE,2025-09-30,2025-09-30,34.58902672813744,34.58902672813744,41.85048035667748,41.85048035667748,1
197,BASELINE,2025-10-07,2025-10-07,48.16325913493921,48.16325913493921,62.942820177724855,62.942820177724855,1
198,BASELINE,2025-10-14,2025-10-14,70.45043492995684,70.45043492995684,49.08405996047442,49.08405996047442,1
199,BASELINE,2025-10-21,2025-10-21,16.356235637667496,16.356235637667496,14.187407388689834,14.187407388689834,1
200,BASELINE,2025-10-28,2025-10-28,11.136918804965362,11.136918804965362,6.014364459194795,6.014364459194795,1
201,BASELINE,2025-11-04,2025-11-04,7.676930800445561,7.676930800445561,2.039409533508305,2.039409533508305,1
202,BASELINE,2025-11-11,2025-11-11,5.190130102001163,5.190130102001163,22.96736921135333,22.96736921135333,1
203,BASELINE,2025-11-18,2025-11-18,8.060236657497214,8.060236657497214,8.16308321290903,8.16308321290903,1
204,BASELINE,2025-11-25,2025-11-25,77.9359698874913,77.9359698874913,62.60436588358505,62.60436588358505,1
205,BASELINE,2025-12-02,2025-12-02,69.29341274763952,69.29341274763952,14.08783108260046,14.08783108260046,1
206,BASELINE,2025-12-09,2025-12-09,76.67943183799072,76.67943183799072,18.191833418801266,18.191833418801266,1
207,BASELINE,2025-12-16,2025-12-16,29.506629614070945,29.506629614070945,10.464168878360695,10.464168878360695,1
208,BASELINE,2025-12-23,2025-12-23,14.321781116850389,14.321781116850389,22.130817454926955,22.130817454926955,1
209,BASELINE,2025-12-30,2025-12-30,30.66355828632866,30.66355828632866,21.341779035230033,21.341779035230033,1
210,BASELINE,2026-01-06,2026-01-06,67.39594440339998,67.39594440339998,41.59133701204256,41.59133701204256,1
211,BASELINE,2026-01-13,2026-01-13,10.966433508467588,10.966433508467588,24.75958348982344,24.75958348982344,1
212,BASELINE,2026-01-20,2026-01-20,41.92695777022932,41.92695777022932,24.6105801304588,24.6105801304588,1
213,BASELINE,2026-01-27,2026-01-27,17.92337423265471,17.92337423265471,0.717578831310135,0.717578831310135,1
214,BASELINE,2026-02-03,2026-02-03,2.1467084858927024,2.1467084858927024,0.9928803469625223,0.9928803469625223,1
215,BASELINE,2026-02-10,2026-02-10,34.76043969017026,34.76043969017026,9.2462471089935,9.2462471089935,1
216,BASELINE,2026-02-17,2026-02-17,6.741711997028872,6.741711997028872,16.169411278727964,16.169411278727964,1
217,BASELINE,2026-02-24,2026-02-24,7.409880467627971,7.409880467627971,19.50419885752055,19.50419885752055,1
218,SHOCK_2026,2026-03-03,2026-03-03,11.329118517596669,11.329118517596669,15.361746100146718,15.361746100146718,1
219,SHOCK_2026,2026-03-10,2026-03-10,24.54022987536547,24.54022987536547,7.489908296385977,7.489908296385977,1
220,SHOCK_2026,2026-03-17,2026-03-17,23.711547806783713,23.711547806783713,47.56368251137356,47.56368251137356,1
221,SHOCK_2026,2026-03-24,2026-03-24,15.475818983405318,15.475818983405318,48.00936161646196,48.00936161646196,1
222,SHOCK_2026,2026-03-31,2026-03-31,33.06440586627376,33.06440586627376,46.12088722766292,46.12088722766292,1
223,SHOCK_2026,2026-04-07,2026-04-07,7.789064818573948,7.789064818573948,25.212322646332737,25.212322646332737,1
224,SHOCK_2026,2026-04-14,2026-04-14,52.63341525598068,52.63341525598068,29.19110683007736,29.19110683007736,1
225,SHOCK_2026,2026-04-21,2026-04-21,10.117057614526757,10.117057614526757,17.26830702324868,17.26830702324868,1
226,SHOCK_2026,2026-04-28,2026-04-28,24.091278200441764,24.091278200441764,34.88738644629137,34.88738644629137,1
227,SHOCK_2026,2026-05-05,2026-05-05,34.66319195981944,34.66319195981944,27.074539349040634,27.074539349040634,1
228,SHOCK_2026,2026-05-12,2026-05-12,1.401981449063598,1.401981449063598,16.07737340933484,16.07737340933484,1
229,SHOCK_2026,2026-05-19,2026-05-19,45.417115024181,45.417115024181,30.934583476634614,30.934583476634614,1
230,SHOCK_2026,2026-05-26,2026-05-26,19.60277921588633,19.60277921588633,1.7755182448169933,1.7755182448169933,1
231,SHOCK_2026,2026-06-02,2026-06-02,37.526139581726255,37.526139581726255,31.451559389160337,31.451559389160337,1
232,SHOCK_2026,2026-06-09,2026-06-09,2.956745208272224,2.956745208272224,10.687915741434807,10.687915741434807,1
233,SHOCK_2026,2026-06-16,2026-06-16,12.253974719811623,12.253974719811623,10.94761340217704,10.94761340217704,1
234,SHOCK_2026,2026-06-23,2026-06-23,66.6515732997193,66.6515732997193,46.53130733902594,46.53130733902594,1
235,SHOCK_2026,2026-06-30,2026-06-30,72.0643038508307,72.0643038508307,49.74665210217347,49.74665210217347,1
236,SHOCK_2026,2026-07-07,2026-07-07,47.37770921344763,47.37770921344763,41.16026527042395,41.16026527042395,1
237,SHOCK_2026,2026-07-14,2026-07-14,0.4663920108866222,0.4663920108866222,8.738266438682032,8.738266438682032,1
238,SHOCK_2026,2026-07-21,2026-07-21,13.21027948640561,13.21027948640561,1.3032407977459428,1.3032407977459428,1
239,SHOCK_2026,2026-07-28,2026-07-28,5.365173643492881,5.365173643492881,17.111682588196572,17.111682588196572,1
240,SHOCK_2026,2026-08-04,2026-08-04,24.895163182493334,24.895163182493334,41.80067694592107,41.80067694592107,1
241,SHOCK_2026,2026-08-11,2026-08-11,28.340444668041755,28.340444668041755,24.45184622596412,24.45184622596412,1
242,SHOCK_2026,2026-08-18,2026-08-18,1.2290041760554686,1.2290041760554686,4.519376961792432,4.519376961792432,1
243,SHOCK_2026,2026-08-25,2026-08-25,34.433352331481274,34.433352331481274,24.146505216918285,24.146505216918285,1
244,SHOCK_2026,2026-09-01,2026-09-01,26.797775519874563,26.797775519874563,0.7345564494399923,0.7345564494399923,1
