fold_id,period,n_selected,n_total,geo_features_kept,news_features_kept,alpha
1,BASELINE,27,107,4,0,1.2460136762913525
2,BASELINE,25,107,5,0,1.161085499892079
3,BASELINE,16,107,1,0,1.9212658939490834
4,BASELINE,21,107,3,0,1.801492345017512
5,BASELINE,19,107,1,0,1.5695318136319314
6,BASELINE,20,107,1,0,1.179146478100813
7,BASELINE,21,107,1,0,1.2591553884813125
8,BASELINE,16,107,0,0,1.6484092923753768
9,SHOCK_2022,27,107,3,0,0.7121062392973299
10,SHOCK_2022,22,107,3,0,0.8447607641429784
11,SHOCK_2022,16,107,2,0,1.3533877375230423
12,SHOCK_2022,13,107,2,0,1.678445241922248
13,SHOCK_2022,15,107,2,0,1.1985915755207364
14,SHOCK_2022,17,107,3,0,1.2024616696981973
15,SHOCK_2022,11,107,2,0,1.9365673874622353
16,SHOCK_2022,10,107,2,0,2.3861314145043
17,SHOCK_2022,11,107,3,0,2.2149541130958177
18,SHOCK_2022,11,107,3,0,2.3956977939596626
19,SHOCK_2022,11,107,3,0,2.4110012714071747
20,SHOCK_2022,11,107,3,0,2.401855932430741
21,SHOCK_2022,12,107,4,0,2.3988954791776043
22,SHOCK_2022,11,107,3,0,2.384088598605575
23,SHOCK_2022,12,107,4,0,2.2199658958399326
24,SHOCK_2022,13,107,4,0,2.0591432079443512
25,SHOCK_2022,13,107,4,0,2.0631392962973076
26,SHOCK_2022,18,107,3,0,1.2964752492361142
27,SHOCK_2022,18,107,3,0,1.3310379567854118
28,SHOCK_2022,22,107,4,0,0.9438868857192803
29,SHOCK_2022,18,107,3,0,1.3824767112507828
30,SHOCK_2022,19,107,3,0,1.2534933075114196
31,SHOCK_2022,9,107,0,0,2.16345278404057
32,SHOCK_2022,10,107,0,0,2.0803023171525163
33,SHOCK_2022,10,107,0,0,2.1575749388585934
34,SHOCK_2022,37,107,4,0,0.28837522825384576
35,SHOCK_2022,13,107,0,0,1.9675997675276016
36,SHOCK_2022,11,107,0,0,2.0606656857971015
37,SHOCK_2022,11,107,0,0,2.1084939442162844
38,SHOCK_2022,10,107,0,0,2.2671171339268805
39,SHOCK_2022,11,107,0,0,2.1318350858816104
40,SHOCK_2022,11,107,0,0,2.1320787413731552
41,SHOCK_2022,11,107,0,0,2.27242872254678
42,SHOCK_2022,11,107,0,0,2.4265308062563316
43,SHOCK_2022,13,107,0,0,2.4146496491314267
44,SHOCK_2022,12,107,0,0,2.4040222434012883
45,SHOCK_2022,10,107,0,0,2.7530011281087408
46,SHOCK_2022,9,107,0,0,2.7396446613958547
47,SHOCK_2022,9,107,0,0,2.726570050635019
48,SHOCK_2022,9,107,0,0,2.9097124981776
49,SHOCK_2022,8,107,0,0,2.9327172108481525
50,SHOCK_2022,8,107,0,0,2.767207977904012
51,SHOCK_2022,9,107,0,0,3.211225159163888
52,SHOCK_2022,11,107,0,0,2.419319858152682
53,SHOCK_2022,9,107,0,0,2.596440868306451
54,SHOCK_2022,8,107,0,0,2.77391078165479
55,SHOCK_2022,7,107,0,0,3.413725765596467
56,SHOCK_2022,8,107,0,0,2.955041389889707
57,SHOCK_2022,10,107,0,0,2.386790008456959
58,SHOCK_2022,8,107,0,0,2.7324649517548347
59,SHOCK_2022,10,107,0,0,2.366273680521327
60,SHOCK_2022,19,107,1,0,1.2583809691180579
61,BASELINE,20,107,1,0,1.0899405411913299
62,BASELINE,20,107,1,0,1.0853900069224967
63,BASELINE,21,107,1,0,0.9410756516065287
64,BASELINE,20,107,1,0,1.0057915262755996
65,BASELINE,21,107,1,0,0.9367493360739398
66,BASELINE,21,107,1,0,0.9342854880081339
67,BASELINE,21,107,1,0,0.9312416743619302
68,BASELINE,20,107,1,0,0.9954229984632502
69,BASELINE,20,107,1,0,1.0644145653458894
70,BASELINE,17,107,1,0,1.4031764839600014
71,BASELINE,19,107,1,0,1.3051656049983613
72,BASELINE,19,107,1,0,1.30153748911893
73,BASELINE,18,107,1,0,1.3933585135800035
74,BASELINE,17,107,1,0,1.4928906995104816
75,BASELINE,18,107,1,0,1.3898938706336348
76,BASELINE,20,107,1,0,0.9785942568106515
77,BASELINE,25,107,2,0,0.5582323970745269
78,BASELINE,19,107,1,0,1.1991277394997897
79,BASELINE,18,107,1,0,1.2835787015246911
80,BASELINE,20,107,1,0,1.1134921579647805
81,BASELINE,20,107,1,0,1.1919518984359279
82,BASELINE,19,107,1,0,1.1891566763839525
83,BASELINE,20,107,1,0,1.1867552033890805
84,BASELINE,17,107,0,0,1.2709078332173893
85,BASELINE,15,107,0,0,1.67689079315677
86,BASELINE,15,107,0,0,1.6720102561961805
87,BASELINE,15,107,0,0,1.7868649428182346
88,BASELINE,13,107,0,0,1.9103851079889933
89,BASELINE,13,107,0,0,2.0422368667409416
90,BASELINE,16,107,0,0,1.5403254755408955
91,BASELINE,18,107,0,0,1.0843854390612244
92,BASELINE,19,107,0,0,1.0082996189650302
93,BASELINE,18,107,0,0,1.0789559665499955
94,BASELINE,19,107,1,0,0.9362507737639467
95,BASELINE,19,107,1,0,0.9339269404076082
96,BASELINE,19,107,1,0,0.9314556691805125
97,BASELINE,17,107,0,0,0.9979562744538384
98,BASELINE,16,107,0,0,1.3158819845771994
99,BASELINE,18,107,0,0,1.0645957360648
100,BASELINE,40,107,4,0,0.11386083097399828
101,BASELINE,37,107,4,0,0.13049279902751937
102,BASELINE,43,107,5,0,0.09847416458069833
103,BASELINE,26,107,2,0,0.3967041187390577
104,BASELINE,26,107,2,0,0.48960467696187127
105,BASELINE,24,107,2,0,0.6481381076085238
106,BASELINE,23,107,2,0,0.6937046488340695
107,BASELINE,24,107,2,0,0.6453578551538922
108,BASELINE,18,107,0,0,1.1257984092791955
109,BASELINE,18,107,0,0,1.205803667194908
110,BASELINE,16,107,0,0,1.2921927066450989
111,BASELINE,17,107,0,0,1.203269348974879
112,BASELINE,19,107,0,0,1.1207084936900866
113,BASELINE,21,107,0,0,0.9082299571076808
114,BASELINE,21,107,0,0,0.8457733927270807
115,BASELINE,21,107,0,0,0.7877793209644567
116,BASELINE,22,107,1,0,0.7336290390243692
117,BASELINE,26,107,2,0,0.4192017057010192
118,BASELINE,37,107,4,0,0.1192915660589659
119,BASELINE,37,107,4,0,0.11919053159297766
120,BASELINE,41,107,5,0,0.10359261101099711
121,BASELINE,37,107,5,0,0.11888629875552245
122,BASELINE,41,107,5,0,0.10321012835992495
123,BASELINE,42,107,5,0,0.10308600794678112
124,BASELINE,41,107,5,0,0.0960238419058562
125,BASELINE,41,107,5,0,0.09595071718503313
126,BASELINE,41,107,5,0,0.09574137930842891
127,BASELINE,41,107,5,0,0.09553558678563856
128,BASELINE,40,107,4,0,0.09536038725737273
129,BASELINE,39,107,4,0,0.09521595667565988
130,BASELINE,39,107,4,0,0.10189232689566416
131,BASELINE,40,107,4,0,0.09484209839341932
132,BASELINE,39,107,4,0,0.10161460027415556
133,BASELINE,40,107,4,0,0.10145749061123409
134,BASELINE,40,107,4,0,0.09445360166008383
135,BASELINE,41,107,4,0,0.094287241191818
136,BASELINE,40,107,4,0,0.09409494960279403
137,BASELINE,40,107,4,0,0.09392936914556646
138,BASELINE,40,107,4,0,0.09370411403007425
139,BASELINE,39,107,4,0,0.09357783944492627
140,BASELINE,39,107,4,0,0.09335970021603877
141,BASELINE,40,107,4,0,0.09314627987993117
142,BASELINE,41,107,4,0,0.09296124852482902
143,BASELINE,41,107,4,0,0.09277688241371954
144,BASELINE,41,107,4,0,0.0927003011886265
145,BASELINE,39,107,4,0,0.09251802063724426
146,BASELINE,36,107,5,0,0.1220705176422187
147,BASELINE,41,107,5,0,0.09882904026490263
148,BASELINE,39,107,5,0,0.11335728063092569
149,BASELINE,41,107,5,0,0.0983485060648081
150,BASELINE,39,107,5,0,0.11280319083395829
151,BASELINE,39,107,5,0,0.11253174644277507
152,BASELINE,43,107,6,0,0.09110708160653455
153,BASELINE,43,107,6,0,0.09087567883216591
154,BASELINE,43,107,6,0,0.09065752212297522
155,BASELINE,15,107,0,0,1.2833341158508802
156,BASELINE,14,107,0,0,1.3747592671561097
157,BASELINE,16,107,0,0,1.1929028780117488
158,BASELINE,19,107,0,0,0.9009237421277956
159,BASELINE,21,107,1,0,0.679984747581259
160,BASELINE,21,107,1,0,0.6782893083293652
161,BASELINE,21,107,1,0,0.6767689409993098
162,BASELINE,21,107,1,0,0.7762732203628759
163,BASELINE,41,107,5,0,0.08904381083092001
164,BASELINE,41,107,5,0,0.08884656740812662
165,BASELINE,41,107,5,0,0.08866411733180186
166,BASELINE,41,107,5,0,0.08845419465511832
167,BASELINE,42,107,6,0,0.08827240971586789
168,BASELINE,42,107,6,0,0.08808100727929531
169,BASELINE,41,107,5,0,0.08792170921589318
170,BASELINE,41,107,6,0,0.08773833697525023
171,BASELINE,41,107,6,0,0.08760001739068972
172,BASELINE,41,107,6,0,0.08745680682989238
173,BASELINE,41,107,6,0,0.08730903169377567
174,BASELINE,40,107,6,0,0.08716495897164511
175,BASELINE,40,107,6,0,0.08706480786652317
176,BASELINE,40,107,6,0,0.08694002894994499
177,BASELINE,29,107,5,0,0.3048270672694766
178,BASELINE,28,107,4,0,0.32643342927110636
179,BASELINE,27,107,3,0,0.37484693363703137
180,BASELINE,28,107,4,0,0.3745093289147254
181,BASELINE,26,107,2,0,0.4011574184287882
182,BASELINE,26,107,2,0,0.37365925669685596
183,BASELINE,25,107,1,0,0.40007880137112334
184,BASELINE,25,107,1,0,0.3993442620531983
185,BASELINE,27,107,3,0,0.3717734765795694
186,BASELINE,26,107,2,0,0.42666937121917137
187,BASELINE,27,107,3,0,0.37042110094152214
188,BASELINE,27,107,3,0,0.39663063848305824
189,BASELINE,27,107,3,0,0.36947583102132764
190,BASELINE,27,107,3,0,0.3688630728322643
191,BASELINE,27,107,3,0,0.36827489326662266
192,BASELINE,27,107,3,0,0.39416378054930273
193,BASELINE,33,107,3,4,0.3933799298863666
194,BASELINE,34,107,5,5,0.3663779073884875
195,BASELINE,36,107,2,10,0.39236392518325086
196,BASELINE,20,107,0,2,0.904712054246151
197,BASELINE,36,107,5,7,0.3402163108318544
198,BASELINE,39,107,5,10,0.31662481003985976
199,BASELINE,37,107,5,8,0.3388783632242177
200,BASELINE,33,107,5,3,0.3157662660946877
201,BASELINE,46,107,5,8,0.31527596426767995
202,BASELINE,49,107,5,9,0.31469318404007945
203,BASELINE,51,107,6,9,0.25479893237669066
204,BASELINE,36,107,5,7,0.3361312674184754
205,BASELINE,41,107,2,6,0.35974370795855765
206,BASELINE,40,107,3,7,0.3590427348758846
207,BASELINE,35,107,3,7,0.3584104633420804
208,BASELINE,42,107,4,8,0.311181449390274
209,BASELINE,38,107,4,9,0.33314319768926276
210,BASELINE,38,107,5,7,0.2893114999653516
211,BASELINE,39,107,5,9,0.30957059954874244
212,BASELINE,38,107,4,9,0.3552511482816912
213,BASELINE,36,107,3,8,0.35457312211698894
214,BASELINE,31,107,1,5,0.43631803026338767
215,BASELINE,35,107,4,6,0.32943655559498053
216,BASELINE,31,107,1,5,0.43470426089677283
217,BASELINE,32,107,1,6,0.43407403955473334
218,SHOCK_2026,30,107,1,4,0.4334460316934805
219,SHOCK_2026,30,107,1,4,0.403443270923157
220,SHOCK_2026,32,107,1,6,0.40272988027820683
221,SHOCK_2026,31,107,1,5,0.4309301432257461
222,SHOCK_2026,34,107,1,8,0.43024531297926055
223,SHOCK_2026,32,107,1,7,0.4299586915311376
224,SHOCK_2026,32,107,1,7,0.4290891427479646
225,SHOCK_2026,30,107,1,6,0.42835096834205966
226,SHOCK_2026,29,107,2,6,0.4279028349328037
227,SHOCK_2026,28,107,2,5,0.45826727855163146
228,SHOCK_2026,29,107,2,6,0.4266159000756757
229,SHOCK_2026,30,107,2,7,0.4258380292672696
230,SHOCK_2026,30,107,2,7,0.4251502054512582
231,SHOCK_2026,29,107,2,6,0.42437647395318556
232,SHOCK_2026,29,107,3,5,0.42359430445188007
233,SHOCK_2026,29,107,3,5,0.4230313331840087
234,SHOCK_2026,30,107,3,6,0.4222585640299158
235,SHOCK_2026,30,107,3,6,0.42154502638938407
236,SHOCK_2026,30,107,3,6,0.420935031265472
237,SHOCK_2026,30,107,3,6,0.42020434326708583
238,SHOCK_2026,29,107,3,5,0.41949667602597107
239,SHOCK_2026,28,107,2,5,0.41879192125151476
240,SHOCK_2026,29,107,2,6,0.4180367506562418
241,SHOCK_2026,25,107,1,4,0.44745971390872175
242,SHOCK_2026,25,107,1,4,0.4467435858806365
243,SHOCK_2026,25,107,1,4,0.44602147226585714
244,SHOCK_2026,27,107,2,4,0.4452658046520589
