date,actual,counterfactual,cf_lower,cf_upper,episode,excess,outside_band
2026-02-28,53.35458333333333,62.31962821436016,-17.139322134176105,141.86986203584496,2026 Iran,-8.965044881026827,0
2026-03-01,52.934583333333336,45.93516059622608,-35.74018835120161,125.96448716300041,2026 Iran,6.999422737107253,0
2026-03-02,92.86583333333334,101.0984413457888,20.88051093247472,183.33798474338695,2026 Iran,-8.232608012455458,0
2026-03-03,106.52583333333332,113.21311630550866,31.113377817922622,188.75098574790655,2026 Iran,-6.687282972175339,0
2026-03-04,147.40125,128.40398630092238,48.2273851791291,205.35079486569973,2026 Iran,18.99726369907762,0
2026-03-05,110.85541666666668,131.59404468664948,48.89997810046853,211.92322521417424,2026 Iran,-20.738628019982798,0
2026-03-06,123.79916666666666,105.8353472805606,27.690335445746715,178.05867351444843,2026 Iran,17.963819386106067,0
2026-03-07,110.165,100.2030388383125,22.383586040321653,181.22529265640492,2026 Iran,9.961961161687512,0
2026-03-08,103.12958333333334,94.96214560195583,19.901383636500828,173.67065787210157,2026 Iran,8.167437731377518,0
2026-03-09,135.78875,124.98518344100653,45.01035682551625,206.49285763628805,2026 Iran,10.803566558993467,0
2026-03-10,139.92208333333335,137.6144579325885,57.43987418917648,217.23267808370164,2026 Iran,2.307625400744854,0
2026-03-11,79.24625,129.11752330887998,48.659401188139924,208.23855245240344,2026 Iran,-49.87127330887998,0
2026-03-12,69.04666666666667,81.54075227555437,3.243583703876087,165.49855432115535,2026 Iran,-12.494085608887701,0
2026-03-13,48.43625,71.97007132640027,-9.178126344753936,152.76849257819003,2026 Iran,-23.533821326400272,0
2026-03-14,120.72833333333334,42.53195985804901,-45.4355330048943,120.29718190036265,2026 Iran,78.19637347528433,1
2026-03-15,100.3,90.36912715444879,15.622635468773687,171.4959805104445,2026 Iran,9.930872845551207,0
2026-03-16,73.49916666666667,123.77506661666428,39.131432965161785,202.14258784244518,2026 Iran,-50.27589994999761,0
2026-03-17,126.15833333333336,83.93044909923674,11.005489714736532,167.4750601460462,2026 Iran,42.22788423409662,0
2026-03-18,88.90625,113.45605860942366,31.860964738233477,193.6742492051111,2026 Iran,-24.549808609423664,0
2026-03-19,113.79541666666668,82.6838497153233,4.884345820588226,164.98231482288062,2026 Iran,31.111566951343377,0
2026-03-20,143.02541666666667,99.23573035387987,22.741111797108108,183.8279260524066,2026 Iran,43.7896863127868,0
2026-03-21,114.335,86.07978212896896,10.070177931922075,164.003570597955,2026 Iran,28.255217871031036,0
2026-03-22,83.24166666666666,73.140198307953,-10.575027638473273,148.32075823928253,2026 Iran,10.10146835871366,0
2026-03-23,141.91416666666666,90.88691328232457,14.58950618885987,166.7018366703686,2026 Iran,51.02725338434209,0
2026-03-24,76.80875,121.37143692151514,43.92501367699486,205.51617766750883,2026 Iran,-44.56268692151514,0
2026-03-25,37.68541666666667,67.0465324330802,-7.88842041424775,147.33505138331603,2026 Iran,-29.361115766413533,0
2026-03-26,91.4825,45.21211916017449,-35.77210166110761,122.9737848213388,2026 Iran,46.27038083982551,0
2026-03-27,118.525,59.34238683023652,-20.509434707496943,133.60855906824162,2026 Iran,59.182613169763485,0
2026-03-28,80.99958333333333,61.815944355902026,-22.751023354870874,142.39730704839653,2026 Iran,19.183638977431308,0
2026-03-29,68.8795652173913,44.54649742780998,-37.8246256562079,123.74267046285098,2026 Iran,24.33306778958132,0
2026-03-30,58.44125,82.52640508523119,8.74733182949018,160.22312765253426,2026 Iran,-24.085155085231193,0
2026-03-31,117.82958333333332,60.76786217748639,-17.88001504001419,138.59890183832582,2026 Iran,57.061721155846925,0
2026-04-01,144.21541666666667,84.85966920086335,2.494927291822576,172.06808268605877,2026 Iran,59.35574746580332,0
2026-04-02,114.03625,113.50156054615992,35.43150574615772,195.11754819130002,2026 Iran,0.5346894538400733,0
2026-04-03,84.63666666666667,51.37045438283699,-27.239681645022927,131.312978334178,2026 Iran,33.26621228382968,0
2026-04-04,33.075833333333335,50.12755214913157,-32.03329788752419,131.45826823875106,2026 Iran,-17.051718815798232,0
2026-04-05,-16.340833333333332,15.39958517124954,-67.3075907844582,95.69641678726676,2026 Iran,-31.740418504582873,0
2026-04-06,3.0362500000000003,13.873652674877974,-69.28263873781958,98.61373719643261,2026 Iran,-10.837402674877973,0
2026-04-07,89.88833333333334,70.64411087686187,-5.774624490898407,152.5569307609482,2026 Iran,19.244222456471462,0
2026-04-08,86.96958333333333,86.34967048971647,7.37448189291148,166.58091632125283,2026 Iran,0.6199128436168593,0
2026-04-09,81.63208333333334,79.19192078178467,-3.5867238054702697,162.48783288751022,2026 Iran,2.440162551548667,0
2026-04-10,119.56625,61.08517541770006,-15.557551507007787,141.87490355118788,2026 Iran,58.48107458229994,0
2026-04-11,46.57208333333333,63.60727099331907,-16.811391183425695,145.9650003102318,2026 Iran,-17.035187659985738,0
2026-04-12,79.73125,23.26203489760502,-48.958257362277806,110.2249095035315,2026 Iran,56.46921510239498,0
2026-04-13,127.30291666666666,101.44429412755152,20.67700014222324,183.98695499445276,2026 Iran,25.858622539115146,0
2026-04-14,138.08875,118.32029178130183,33.017328029372955,197.92509970820853,2026 Iran,19.76845821869817,0
2026-04-15,117.53083333333336,112.48908339981313,30.67065884318815,193.02798417740968,2026 Iran,5.0417499335202365,0
2026-04-16,110.68416666666668,99.46895592310312,17.939509419952245,177.5863051647826,2026 Iran,11.21521074356356,0
2026-04-17,104.64958333333334,92.37332969845197,12.477212516156534,169.4800128501584,2026 Iran,12.276253634881371,0
2026-04-18,84.58833333333332,70.63900139010298,-7.185410708045493,151.15619346568582,2026 Iran,13.949331943230348,0
2026-04-19,80.81208333333333,58.99006641813481,-24.733979007960595,145.13552261998757,2026 Iran,21.822016915198525,0
2026-04-20,97.70833333333331,87.44092975485017,7.8344594551382,169.70047414448953,2026 Iran,10.26740357848314,0
2026-04-21,82.57208333333334,76.18743332566004,-9.52144431238864,157.20543451410128,2026 Iran,6.384650007673301,0
2026-04-22,78.66708333333334,80.15124151805895,-0.6881623818659789,158.3616889986484,2026 Iran,-1.4841581847256151,0
2026-04-23,64.21291666666666,75.46968293865538,-7.669139120575559,160.53024797060868,2026 Iran,-11.256766271988724,0
2026-04-24,76.11041666666667,55.79869009706108,-25.9691738006363,138.52784994583442,2026 Iran,20.311726569605582,0
2026-04-25,16.130416666666665,37.72016027429709,-41.891468454917366,117.64067579534277,2026 Iran,-21.589743607630428,0
2026-04-26,2.985416666666668,16.13587094984284,-73.37706838934781,101.25308684087611,2026 Iran,-13.150454283176172,0
2026-04-27,98.35541666666668,85.84924203820994,4.03781680127589,171.78980266789645,2026 Iran,12.506174628456748,0
2026-04-28,70.64583333333333,96.9281260204229,13.612057631761555,177.50031304591948,2026 Iran,-26.282292687089566,0
2026-04-29,65.35916666666667,66.89530286752297,-14.734697572495978,149.16070795955645,2026 Iran,-1.5361362008563049,0
2026-04-30,72.06208333333333,66.28610476027218,-10.050465498803709,148.59372089817677,2026 Iran,5.775978573061153,0
2026-05-01,-2.0779166666666664,26.186179912374456,-54.868482504187405,105.9217180787158,2026 Iran,-28.264096579041123,0
2026-05-02,58.85166666666667,51.25192706942017,-29.98835909552879,130.52605493903482,2026 Iran,7.599739597246497,0
2026-05-03,74.9725,33.305134664514426,-46.39047547778835,113.70899177009883,2026 Iran,41.66736533548557,0
2026-05-04,131.0641666666667,83.55185205599997,2.739948522134909,167.42917361660412,2026 Iran,47.51231461066672,0
2026-05-05,128.73125000000002,100.79429342936253,19.747509959248585,177.0840468373825,2026 Iran,27.93695657063749,0
2026-05-06,122.44583333333333,116.52927273919059,37.09054276829871,196.44085215757892,2026 Iran,5.916560594142737,0
2026-05-07,136.02875,91.21032299075007,16.158032343469905,165.677769607034,2026 Iran,44.81842700924993,0
2026-05-08,113.81458333333336,100.82639149217641,20.560232157548704,177.28078507254858,2026 Iran,12.988191841156947,0
2026-05-09,88.33333333333333,67.66339063490946,-17.607663311929663,148.17342228337785,2026 Iran,20.669942698423867,0
2026-05-10,77.09125,49.014668661051964,-34.07122753658632,129.80050099733782,2026 Iran,28.07658133894804,0
2026-05-11,119.2575,86.17795929483114,8.923088717414254,171.8462609881588,2026 Iran,33.07954070516885,0
2026-05-12,93.30625,84.8663651971734,6.181878708301996,162.99566544272724,2026 Iran,8.439884802826612,0
2026-05-13,113.545,58.84946499275006,-25.658695964553505,142.7479585454325,2026 Iran,54.695535007249944,0
2026-05-14,94.85166666666667,35.232875426010224,-45.13079900333965,117.80426995957997,2026 Iran,59.61879124065645,0
2026-05-15,109.8125,74.97785079136075,-7.63183068879544,159.42062596014722,2026 Iran,34.83464920863925,0
2026-05-16,78.29791666666667,53.783859972114676,-28.465459548235113,130.0270485484125,2026 Iran,24.51405669455199,0
2026-05-17,83.00458333333334,24.26917960178578,-56.98626981454752,105.12982730024063,2026 Iran,58.735403731547564,0
2026-05-18,138.9475,77.95860657269708,-4.030666132333193,162.5158785363955,2026 Iran,60.98889342730291,0
2026-05-19,128.11875,89.58099465168125,9.806653291272386,168.3235560464249,2026 Iran,38.537755348318754,0
2026-05-20,108.89833333333333,84.90301326216598,-0.796168410373616,165.45959079675296,2026 Iran,23.995320071167342,0
2026-05-21,109.15,72.02583494541553,-10.81206449660113,156.38919321163743,2026 Iran,37.12416505458448,0
2026-05-22,106.35,70.54352176611887,-15.48882267647466,154.16000626506928,2026 Iran,35.80647823388112,0
2026-05-23,79.78291666666667,51.8255409373225,-36.75617940363442,131.4584875863371,2026 Iran,27.957375729344164,0
2026-05-24,66.72416666666668,30.41272862817617,-51.09835009300494,115.41178979060366,2026 Iran,36.31143803849051,0
2026-05-25,81.44791666666667,35.93913157675988,-40.46939325845086,116.52924537002978,2026 Iran,45.508785089906794,0
2026-05-26,97.86875,75.30824936914914,-7.997268937781423,156.42458236359977,2026 Iran,22.560500630850868,0
2026-05-27,84.04583333333333,64.07840881518072,-24.76180661434674,147.20214458598468,2026 Iran,19.96742451815261,0
2026-05-28,122.31958333333334,52.09903383583135,-22.40588303018083,134.74987123608858,2026 Iran,70.22054949750199,0
2026-05-29,102.88208333333334,62.91290046172774,-15.364870208933496,145.40128207228082,2026 Iran,39.969182871605604,0
2026-05-30,85.86583333333334,37.893544797496546,-40.9687803245321,120.00600822755479,2026 Iran,47.972288535836796,0
2026-05-31,89.90083333333332,22.172876614187146,-58.12984524237761,106.21461815047284,2026 Iran,67.72795671914618,0
2026-06-01,151.86499999999998,82.83323475458604,-1.8081809128713935,166.44335028958963,2026 Iran,69.03176524541394,0
2026-06-02,122.0225,86.17679932337768,11.947254958950918,171.61373100759582,2026 Iran,35.845700676622315,0
2026-06-03,102.63666666666668,72.87245098461243,-8.197199978445047,152.39687057857725,2026 Iran,29.764215682054257,0
2026-06-04,61.340833333333336,59.87121085122745,-19.306010244663675,140.0992220706218,2026 Iran,1.4696224821058834,0
2026-06-05,100.365,37.52587707031536,-49.34164797539244,123.23686165198312,2026 Iran,62.839122929684635,0
2026-06-06,88.42166666666667,38.861861608042254,-48.19423560106455,116.01902335573347,2026 Iran,49.55980505862441,0
2026-06-07,42.66583333333333,42.41319065379498,-38.033121849530175,122.68032928218337,2026 Iran,0.2526426795383543,0
2026-06-08,124.25166666666668,65.11153801696334,-10.365846318800832,153.1193993279924,2026 Iran,59.14012864970334,0
2026-06-09,96.87583333333332,85.77075647196283,0.9562806149627909,168.52436775606955,2026 Iran,11.105076861370492,0
2026-06-10,122.50958333333334,65.61238332822228,-18.919833564507865,143.0552816260074,2026 Iran,56.89720000511106,0
2026-06-11,112.06416666666668,82.81631561306897,-3.336166968148273,165.07916375739356,2026 Iran,29.247851053597714,0
2026-06-12,97.46166666666666,80.78096079534026,2.4490683085056912,170.42819928422767,2026 Iran,16.680705871326396,0
2026-06-13,26.8175,51.16356669868244,-30.33179126503591,129.70506876290966,2026 Iran,-24.34606669868244,0
2026-06-14,25.11958333333333,7.263360087912588,-68.08733595976061,92.34516458883887,2026 Iran,17.856223245420743,0
2026-06-15,74.26583333333333,51.540847437704805,-31.678589405682924,131.83219282674642,2026 Iran,22.724985895628528,0
2026-06-16,113.07958333333332,58.40032669450539,-18.725787163892377,146.70891800306956,2026 Iran,54.67925663882793,0
2026-06-17,117.63125,99.42236661586321,12.28194103514185,189.9686438767176,2026 Iran,18.208883384136783,0
2026-06-18,139.91833333333332,95.38915794520025,8.927736237354098,178.46798177053188,2026 Iran,44.52917538813307,0
2026-06-19,108.1825,88.76008076958549,7.2338846435375,172.55089613911542,2026 Iran,19.42241923041452,0
2026-06-20,87.47208333333333,62.22991623369381,-13.84110039039586,137.94538003152246,2026 Iran,25.242167099639524,0
2026-06-21,83.0025,43.53431409108377,-38.56145654007977,120.52325313708859,2026 Iran,39.468185908916226,0
2026-06-22,124.08708333333334,95.88597125149818,9.239405272115146,173.49012300486265,2026 Iran,28.201112081835163,0
2026-06-23,174.91291666666666,95.97287021292803,12.60371041844944,175.98920804052807,2026 Iran,78.94004645373863,0
2026-06-24,207.83916666666667,103.90734529635661,18.305097576147098,187.16094083509304,2026 Iran,103.93182137031006,1
2026-06-25,133.54208333333332,98.86959846392442,15.41756911101318,184.29958294125186,2026 Iran,34.672484869408905,0
2026-06-26,135.11416666666665,88.60525063960179,3.054357106032208,172.11612878450714,2026 Iran,46.508916027064856,0
2026-06-27,99.42541666666666,62.28914837659848,-26.000653428624982,149.9817214319456,2026 Iran,37.13626829006818,0
2026-06-28,85.00333333333334,52.297923629220506,-26.44539690285259,145.3054224076235,2026 Iran,32.70540970411284,0
2026-06-29,140.27625,86.6516313902237,7.247018132898611,167.8533791027327,2026 Iran,53.624618609776306,0
2026-06-30,187.32791666666665,115.67759769340972,29.184286082696453,196.52544407594502,2026 Iran,71.65031897325693,0
2026-07-01,151.43416666666667,115.53407997607175,35.441035268178915,199.27336983850793,2026 Iran,35.90008669059492,0
2026-07-02,73.31,116.98253354482226,26.013612982955856,204.15469508586355,2026 Iran,-43.67253354482226,0
2026-07-03,59.54333333333333,70.22692400682106,-11.687708009704686,154.96859883019297,2026 Iran,-10.683590673487736,0
2026-07-04,63.401250000000005,37.272920507414014,-42.76963827085838,117.29396387656888,2026 Iran,26.12832949258599,0
2026-07-05,62.75416666666666,44.08184178878733,-38.89644894882677,126.89689487052378,2026 Iran,18.672324877879333,0
2026-07-06,98.82833333333332,80.19768866388053,2.3233049652186724,161.99986490979566,2026 Iran,18.630644669452792,0
2026-07-07,72.80125,81.79951423853005,-4.075163784379462,170.4072312107066,2026 Iran,-8.998264238530055,0
2026-07-08,98.9575,61.713522772867506,-17.016436983569367,150.6645903750014,2026 Iran,37.24397722713249,0
2026-07-09,124.21333333333332,83.55563584401443,-0.564007378174935,170.7655512942814,2026 Iran,40.65769748931889,0
2026-07-10,123.675,95.35966617274256,6.600330942930843,183.5366955223645,2026 Iran,28.315333827257433,0
2026-07-11,94.60416666666669,76.92633655199079,-3.25825828083032,158.43812476183027,2026 Iran,17.6778301146759,0
2026-07-12,75.2275,60.30636075679602,-19.8267150711585,147.69588396078566,2026 Iran,14.921139243203989,0
2026-07-13,119.1075,95.85503624125128,11.270716136925847,182.52934837802508,2026 Iran,23.252463758748718,0
2026-07-14,123.96958333333332,104.52331246222093,21.600633452413664,191.83290909488008,2026 Iran,19.44627087111239,0
2026-07-15,136.42541666666668,102.948921274517,26.167613305616875,193.90006638251347,2026 Iran,33.47649539214967,0
2026-07-16,159.86291666666668,104.62294065099762,24.076747544548173,187.37533305470902,2026 Iran,55.23997601566906,0
2026-07-17,140.62916666666666,111.76613303693549,20.04013998863692,198.6845214559657,2026 Iran,28.863033629731177,0
2026-07-18,82.46041666666666,84.7015815741592,-0.9547466723137783,166.72635855873605,2026 Iran,-2.2411649074925464,0
2026-07-19,70.95833333333333,42.12992205575826,-49.889027742288114,129.879219044557,2026 Iran,28.82841127757507,0
2026-07-20,103.16458333333333,91.50640926505906,6.789263963788143,181.8565721474416,2026 Iran,11.658174068274263,0
2026-07-21,112.96,92.01150361844813,2.7679180544251207,177.04021782022474,2026 Iran,20.948496381551863,0
2026-07-22,100.435,102.70504803529236,22.055447491387294,189.18226474651584,2026 Iran,-2.270048035292362,0
2026-07-23,117.65541666666668,82.03454162386859,-0.7648515313332326,167.53148706828495,2026 Iran,35.62087504279809,0
2026-07-24,130.53375,82.77372207535142,-4.483856453579439,169.86365370365732,2026 Iran,47.76002792464858,0
2026-07-25,91.11666666666667,76.91261743687743,-7.724144075747533,171.10504811236805,2026 Iran,14.204049229789248,0
2026-07-26,90.16833333333334,55.753234201840094,-38.97784700681826,138.88480514545714,2026 Iran,34.41509913149324,0
2026-07-27,77.08958333333334,94.24611385774772,4.812100430443997,186.89985248459604,2026 Iran,-17.15653052441438,0
2026-07-28,116.82416666666668,79.23641528725369,0.18898178537842864,163.38107581405623,2026 Iran,37.58775137941299,0
2026-07-29,126.8375,97.46077071540948,10.83882491551423,187.32901207802558,2026 Iran,29.376729284590525,0
2026-07-30,121.32625,95.0153141016051,9.586775959459295,188.96937262945602,2026 Iran,26.310935898394902,0
2026-07-31,148.59375,84.44173461562093,-6.603950371475882,167.97188453755635,2026 Iran,64.15201538437907,0
2026-08-01,119.745,88.63623389213045,-2.4969469170794985,177.12817231561326,2026 Iran,31.108766107869556,0
2026-08-02,105.45625,72.70467504021077,-9.866798746342198,161.1861342602145,2026 Iran,32.751574959789224,0
2026-08-03,128.09291666666667,100.17613559344113,9.092713327627148,191.15138298745984,2026 Iran,27.916781073225536,0
2026-08-04,149.78958333333333,89.81704769758049,5.6387668757845315,183.4158629120074,2026 Iran,59.972535635752834,0
2026-08-05,110.51958333333334,102.24980896425515,17.193387757893163,187.76118040531873,2026 Iran,8.269774369078192,0
2026-08-06,99.50916666666666,91.67146625965565,9.704793113951457,182.07706288659048,2026 Iran,7.837700407011013,0
2026-08-07,122.0775,82.83278878194429,-2.5069408660197503,176.29043735816387,2026 Iran,39.24471121805571,0
2026-08-08,99.0875,80.35264453861647,-10.12501113442289,168.40334802114836,2026 Iran,18.734855461383532,0
2026-08-09,94.475,70.16739218759736,-12.746677171694964,160.30190586834385,2026 Iran,24.307607812402637,0
2026-08-10,117.91041666666666,105.91664766015697,18.100185108729068,197.61731195249797,2026 Iran,11.993769006509694,0
2026-08-11,110.3825,106.14091981846202,21.777251224568055,189.16188109347658,2026 Iran,4.2415801815379695,0
2026-08-12,138.40208333333334,106.97428880977326,20.119132879396947,198.23918049200245,2026 Iran,31.42779452356008,0
2026-08-13,147.06833333333333,117.40339070831097,34.3181271297166,209.78311389257965,2026 Iran,29.664942625022363,0
2026-08-14,140.3325,105.69379705834757,16.054788716255217,191.95905793334663,2026 Iran,34.63870294165244,0
2026-08-15,120.09958333333331,89.43080635000754,-2.3213960262892486,174.09387779715007,2026 Iran,30.66877698332577,0
2026-08-16,138.07541666666663,87.00813428785114,-1.4806691891961503,180.18735980280485,2026 Iran,51.06728237881549,0
2026-08-17,176.7325,145.06403835043437,57.0280815600227,236.5864820781553,2026 Iran,31.668461649565614,0
2026-08-18,163.92958333333334,161.72989102935867,66.84984741144442,250.61531890807643,2026 Iran,2.199692303974672,0
2026-08-19,166.02666666666667,163.41808256092264,64.29895456923963,254.70358647890228,2026 Iran,2.608584105744029,0
2026-08-20,148.22291666666666,140.48595035498613,51.02772409817117,226.09924611774173,2026 Iran,7.736966311680533,0
2026-08-21,169.5625,136.82263711732634,46.4461170036487,223.76661392584174,2026 Iran,32.73986288267366,0
2026-08-22,101.48916666666666,137.0522797110072,46.80121433431332,232.63535021445495,2026 Iran,-35.56311304434054,0
2026-08-23,85.56541666666665,90.65520064296102,-0.09509880272959273,177.86373118705185,2026 Iran,-5.08978397629437,0
2026-08-24,143.18458333333334,132.54712266955102,46.13837683618831,230.93500901978896,2026 Iran,10.63746066378232,0
2026-08-25,141.42791666666668,156.82531768465674,65.69677721671131,253.92021329753152,2026 Iran,-15.397401017990063,0
2026-08-26,153.6545833333333,145.95136016605073,55.0796245278678,238.0989592995036,2026 Iran,7.703223167282573,0
2026-08-27,125.54041666666666,137.32441139724205,55.082404884632396,231.62184854206868,2026 Iran,-11.783994730575387,0
2026-08-28,143.55333333333334,113.23739914240574,21.79418738810891,207.43222014974882,2026 Iran,30.315934190927607,0
2026-08-29,86.34875,114.9492961795329,26.542270733642987,205.22754181139902,2026 Iran,-28.6005461795329,0
2026-08-30,75.62958333333333,78.45848903780792,-7.248408720206116,168.50814932622566,2026 Iran,-2.828905704474593,0
2026-08-31,111.85208333333334,122.11482341933835,34.89433791321626,213.3470403636573,2026 Iran,-10.26274008600501,0
2026-09-01,143.80125,127.11477045919071,45.918534977708504,216.24374038448505,2026 Iran,16.6864795408093,0
2022-02-24,123.3875,152.89040730420794,93.41794690008385,212.43119044235596,2022 Ukraine,-29.502907304207937,0
2022-02-25,119.9575,138.62903130476752,77.49766806673814,198.52839990369944,2022 Ukraine,-18.671531304767527,0
2022-02-26,225.43416666666667,125.42872364159967,65.38819114928381,186.9823682205077,2022 Ukraine,100.005443025067,1
2022-02-27,182.40833333333333,154.25707151219572,92.82148701698168,210.79388651444168,2022 Ukraine,28.15126182113761,0
2022-02-28,208.29625,176.1905020035697,116.1809031523694,233.78029614221177,2022 Ukraine,32.105747996430296,0
2022-03-01,241.40125,179.56043091541233,117.67447433493375,239.6842305284657,2022 Ukraine,61.84081908458768,1
2022-03-02,278.77625,184.09179294684978,125.6027731229,238.132464095179,2022 Ukraine,94.68445705315023,1
2022-03-03,338.1995833333333,217.57862151367084,159.33165105498887,278.34263766956656,2022 Ukraine,120.62096181966245,1
2022-03-04,358.7775,183.5818680604326,127.29202313255253,242.4995699570649,2022 Ukraine,175.19563193956736,1
2022-03-05,344.4025,172.7830879251349,113.74098136640463,233.64527936568228,2022 Ukraine,171.61941207486507,1
2022-03-06,340.79791666666665,151.62410441122074,91.61601550264332,211.21667088608652,2022 Ukraine,189.1738122554459,1
2022-03-07,410.1,199.32770603450854,139.1051868751134,259.4730345880753,2022 Ukraine,210.77229396549149,1
2022-03-08,487.5733333333333,195.65210898209082,137.06876528629618,258.7415835451767,2022 Ukraine,291.9212243512425,1
2022-03-09,446.25458333333336,177.6806726357479,116.84005798219793,238.14219743353468,2022 Ukraine,268.57391069758546,1
2022-03-10,279.1504166666667,185.8319541203918,120.01645137195122,244.34101366996788,2022 Ukraine,93.31846254627487,1
2022-03-11,80.43916666666667,156.49121360848815,100.54061657780298,217.4894633713394,2022 Ukraine,-76.05204694182149,1
2022-03-12,124.25,121.46541142834894,58.27321831376319,180.5727326058381,2022 Ukraine,2.7845885716510566,0
2022-03-13,115.09791666666666,120.08859934637894,65.14153106687331,182.61904494961428,2022 Ukraine,-4.990682679712279,0
2022-03-14,281.44,164.55409157440099,103.28161618147622,224.6071927229898,2022 Ukraine,116.88590842559901,1
2022-03-15,300.5375,189.01537501754024,131.24097397437748,250.2787272478459,2022 Ukraine,111.52212498245979,1
2022-03-16,245.29666666666665,217.59022834836193,160.08959290180084,281.0715525207224,2022 Ukraine,27.70643831830472,0
2022-03-17,225.40958333333333,182.3846847518339,125.56696515238953,239.69810457062593,2022 Ukraine,43.02489858149943,0
2022-03-18,228.9,168.7252805967707,106.02644094816131,225.44936683731146,2022 Ukraine,60.17471940322932,1
2022-03-19,130.95208333333332,163.407785178922,105.6993304762768,220.494574962827,2022 Ukraine,-32.45570184558869,0
2022-03-20,49.04291666666666,116.18088491410396,58.16468665709029,178.43866098659961,2022 Ukraine,-67.1379682474373,1
2022-03-21,205.75458333333333,148.65033214011487,91.75043304975293,208.74369787460986,2022 Ukraine,57.10425119321846,0
2022-03-22,236.48833333333332,181.70717376300428,120.10519818152036,240.43609599931614,2022 Ukraine,54.78115957032904,0
2022-03-23,236.53375000000003,187.62498301661108,127.74082180674016,244.06514773174246,2022 Ukraine,48.908766983388944,0
2022-03-24,237.9983333333333,209.551456534203,146.89650203674867,269.85940727699506,2022 Ukraine,28.446876799130308,0
2022-03-25,244.37875,201.50997323349313,139.6246321715326,259.84872540524736,2022 Ukraine,42.86877676650687,0
2022-03-26,189.5525,171.2567358384426,115.96917689079403,229.11974332950876,2022 Ukraine,18.2957641615574,0
2022-03-27,200.59391304347827,138.29723244674426,79.0555604295123,195.64934596980973,2022 Ukraine,62.29668059673401,1
2022-03-28,221.57083333333333,192.2235041715071,130.62723995323168,257.35242377438396,2022 Ukraine,29.347329161826224,0
2022-03-29,250.18291666666667,189.7028034863564,131.04671917255536,250.92216652863627,2022 Ukraine,60.48011318031027,0
2022-03-30,271.02708333333334,188.12349719891665,128.85066798711884,248.3046532763534,2022 Ukraine,82.90358613441668,1
2022-03-31,209.19000000000003,216.79263903060502,155.29624907665072,278.2231033331697,2022 Ukraine,-7.6026390306049905,0
2022-04-01,160.13083333333333,162.5039399947799,100.73742347343854,224.164872352846,2022 Ukraine,-2.3731066614465703,0
2022-04-02,166.40333333333334,139.02869145011292,76.34722562829177,202.55074894784806,2022 Ukraine,27.37464188322042,0
2022-04-03,172.88625,133.7116707487175,76.28225794134636,195.9810680748505,2022 Ukraine,39.174579251282495,0
2022-04-04,75.32666666666667,182.76665991686264,124.31105412022265,244.70213698388716,2022 Ukraine,-107.43999325019597,1
2022-04-05,183.02416666666667,136.46873925802305,73.86232055065682,198.3348862581644,2022 Ukraine,46.555427408643624,0
2022-04-06,121.33416666666666,158.6664956531524,101.07269984012564,220.49918123010534,2022 Ukraine,-37.332328986485734,0
2022-04-07,74.15333333333334,139.68796675748445,80.03074654577254,200.90869074317146,2022 Ukraine,-65.53463342415111,1
2022-04-08,120.86833333333334,116.35098468690668,62.5964252403398,180.80235865744916,2022 Ukraine,4.517348646426655,0
2022-04-09,59.825,136.78397706891917,73.77753869957971,200.05292588296862,2022 Ukraine,-76.95897706891917,1
2022-04-10,74.65375,108.59007404888061,44.440746578227554,170.02187028352463,2022 Ukraine,-33.93632404888061,0
2022-04-11,223.6175,160.62823522175168,98.65575713120836,220.5677765102495,2022 Ukraine,62.98926477824833,1
2022-04-12,184.5925,185.33453388497938,124.53238513219567,243.45274853428495,2022 Ukraine,-0.742033884979378,0
2022-04-13,222.5183333333333,157.19933326914827,96.18341268163189,215.96404759152753,2022 Ukraine,65.31900006418502,1
2022-04-14,227.70916666666668,180.99043095303767,120.80969032066619,240.73424385304452,2022 Ukraine,46.718735713629,0
2022-04-15,192.96416666666667,151.40560590890067,89.44532240254243,216.98026527571082,2022 Ukraine,41.558560757766,0
2022-04-16,149.215,169.179129695555,109.81370182234569,231.7522771957998,2022 Ukraine,-19.964129695554988,0
2022-04-17,108.82166666666669,134.7873720634443,70.63199271487818,194.76716272311785,2022 Ukraine,-25.965705396777622,0
2022-04-18,120.23125,150.88413593637796,90.19772732704034,211.0685250937861,2022 Ukraine,-30.652885936377956,0
2022-04-19,213.00458333333333,183.2764488890747,120.50041555293309,248.23935258455967,2022 Ukraine,29.728134444258643,0
2022-04-20,203.24958333333333,172.80092051736733,112.44790796843486,236.02287787874994,2022 Ukraine,30.448662815966003,0
2022-04-21,199.50458333333333,177.33904261265812,118.26038916851111,237.40096324218626,2022 Ukraine,22.16554072067521,0
2022-04-22,172.48708333333332,170.81237084116103,104.70537536211918,234.8389312185997,2022 Ukraine,1.67471249217229,0
2022-04-23,93.30625,139.62632788311748,78.51780049433367,203.7729484935163,2022 Ukraine,-46.32007788311748,0
2022-04-24,108.535,114.1387421472151,49.51332260006949,174.9555335652933,2022 Ukraine,-5.603742147215101,0
2022-04-25,223.4645833333333,162.55718281997162,102.29026785709807,223.55201895918287,2022 Ukraine,60.907400513361694,0
2022-04-26,238.46916666666667,208.3907200818906,150.6556519277193,271.9420552963941,2022 Ukraine,30.07844658477606,0
2022-04-27,222.20916666666668,206.48482746481625,146.43921975589,268.3380481186238,2022 Ukraine,15.724339201850427,0
2022-04-28,230.1520833333333,206.8412075370997,146.27902808818877,266.17956995735096,2022 Ukraine,23.310875796233603,0
2022-04-29,228.0245833333333,174.84287582533008,116.00746098587724,235.90100892307186,2022 Ukraine,53.18170750800323,0
2022-04-30,201.275,169.18100259987776,106.51395653594675,231.21938492168675,2022 Ukraine,32.09399740012225,0
2022-05-01,194.74125,140.51087975504905,80.11150801069286,198.58223008229047,2022 Ukraine,54.23037024495096,0
2022-05-02,219.0225,211.70941141353273,153.12394174832193,270.896808160429,2022 Ukraine,7.3130885864672734,0
2022-05-03,218.15625,192.54397868779756,136.995157278517,251.4142531249027,2022 Ukraine,25.612271312202438,0
2022-05-04,231.29,181.86875908777256,121.54385153641863,240.01405951073102,2022 Ukraine,49.42124091222743,0
2022-05-05,234.485,209.00962502502594,145.73110853378427,272.81785146778054,2022 Ukraine,25.475374974974073,0
2022-05-06,225.35916666666665,200.06963182723982,136.6990197682582,260.98308751628144,2022 Ukraine,25.289534839426835,0
2022-05-07,201.4283333333333,189.92434636888953,130.55146084167237,254.8239930070669,2022 Ukraine,11.503986964443783,0
2022-05-08,171.8175,148.56690381749127,89.57401007273563,207.89061594191443,2022 Ukraine,23.25059618250873,0
2022-05-09,216.81041666666667,183.35946726046507,118.6001745749161,245.98495270604067,2022 Ukraine,33.4509494062016,0
2022-05-10,183.31875,186.25186404425256,126.44726444909294,251.33571691819577,2022 Ukraine,-2.9331140442525623,0
2022-05-11,159.09166666666667,164.55413946412892,102.11394760192724,225.66461827535784,2022 Ukraine,-5.4624727974622544,0
2022-05-12,169.11958333333334,158.3691726652541,96.23934594577028,218.76649218150519,2022 Ukraine,10.75041066807924,0
2022-05-13,168.78791666666666,149.82954810339854,86.33441667323746,212.02886535542535,2022 Ukraine,18.958368563268124,0
2022-05-14,152.96875,145.35871773241414,81.06750952538255,208.21396618222948,2022 Ukraine,7.610032267585865,0
2022-05-15,149.025,128.76272507627544,70.41655087682524,189.22562059690947,2022 Ukraine,20.26227492372456,0
2022-05-16,211.5825,180.57495057780645,116.24887134811054,240.8831435453724,2022 Ukraine,31.007549422193563,0
2022-05-17,225.74916666666664,177.04683763361388,113.40788123316521,240.35086782973414,2022 Ukraine,48.70232903305276,0
2022-05-18,206.9695833333333,183.13636282764793,120.55136153757488,244.9143462909814,2022 Ukraine,23.833220505685375,0
2022-05-19,210.80916666666667,174.0864246473099,108.89473224479863,235.1327861644461,2022 Ukraine,36.72274201935676,0
2022-05-20,209.23458333333332,165.3109221176989,101.36811758573083,228.9862777483935,2022 Ukraine,43.92366121563441,0
2022-05-21,103.36208333333332,157.0108786044682,97.44942319486242,219.30295859818463,2022 Ukraine,-53.64879527113487,0
2022-05-22,166.03208333333333,109.50980039120279,45.144341469634526,172.62932435949566,2022 Ukraine,56.522282942130545,0
2022-05-23,188.13791666666663,185.28263866627844,117.12386345598657,251.21032543955056,2022 Ukraine,2.855278000388182,0
2022-05-24,162.945,164.7884997372784,108.77867365014764,228.4995704443751,2022 Ukraine,-1.843499737278421,0
2022-05-25,177.49625,163.62844037362737,101.13180765260648,226.1459305170329,2022 Ukraine,13.867809626372633,0
2022-05-26,67.93249999999999,142.4315565320577,78.38930245711806,206.72864514040643,2022 Ukraine,-74.49905653205771,1
2022-05-27,46.76541666666666,141.66670238903527,80.80849755373656,209.17940101163111,2022 Ukraine,-94.90128572236861,1
2022-05-28,36.84916666666667,123.00815440022659,57.46812547715479,185.35916078887914,2022 Ukraine,-86.15898773355991,1
2022-05-29,156.335,107.1094508287427,48.08464193120784,173.89285726028317,2022 Ukraine,49.22554917125731,0
2022-05-30,225.99291666666667,176.87704133060305,115.6478291236339,239.20160996477057,2022 Ukraine,49.115875336063624,0
2022-05-31,210.17,209.87690516555452,147.57089409770887,270.66652759215265,2022 Ukraine,0.29309483444546913,0
2022-06-01,215.28916666666663,185.73096127115184,123.68751317663263,253.5180519154474,2022 Ukraine,29.55820539551479,0
2022-06-02,188.8708333333333,183.0486615370979,116.84683462633357,245.41227013368623,2022 Ukraine,5.822171796235409,0
2022-06-03,184.54541666666668,165.54579495650307,101.6619426022706,227.46717900058837,2022 Ukraine,18.99962171016361,0
2022-06-04,162.49333333333334,161.5749171961314,102.47126867699652,230.52680743845482,2022 Ukraine,0.9184161372019446,0
2022-06-05,141.57791666666665,141.58421391031348,78.81342777954201,207.59943814118577,2022 Ukraine,-0.006297243646827155,0
2022-06-06,91.32875,146.3114786016547,81.89860878987716,208.37839727407172,2022 Ukraine,-54.9827286016547,0
2022-06-07,183.88166666666663,161.55294753387565,94.81850801223005,226.57785324867558,2022 Ukraine,22.32871913279098,0
2022-06-08,190.3479166666667,165.60299372920335,104.82656717491818,237.83094258079285,2022 Ukraine,24.744922937463343,0
2022-06-09,185.49166666666667,186.04090094096878,122.60561721267614,248.5767417554269,2022 Ukraine,-0.5492342743021084,0
2022-06-10,185.75458333333333,172.43529386849582,112.56048362159294,239.36549074422285,2022 Ukraine,13.31928946483751,0
2022-06-11,134.70083333333335,159.0268621384028,97.2485520613889,222.80678268925323,2022 Ukraine,-24.326028805069456,0
2022-06-12,116.95583333333332,135.95440917833392,72.83193028568142,205.36858152007198,2022 Ukraine,-18.9985758450006,0
2022-06-13,165.5641666666667,173.7905833239223,108.33830386697858,239.49176560338262,2022 Ukraine,-8.226416657255612,0
2022-06-14,194.9808333333333,169.33779654416713,100.91337671436573,236.049834607536,2022 Ukraine,25.64303678916616,0
2022-06-15,211.8295833333333,174.01535461299878,108.89607297687405,237.62364933150047,2022 Ukraine,37.81422872033451,0
2022-06-16,201.9725,180.9399499085527,117.40089768566813,241.12999575257916,2022 Ukraine,21.03255009144729,0
2022-06-17,255.43125,168.08663656964154,100.62686297807409,230.05828851471097,2022 Ukraine,87.34461343035846,1
2022-06-18,195.395,158.61303978847857,94.06382906505668,219.05245425758872,2022 Ukraine,36.78196021152144,0
2022-06-19,154.65208333333334,126.95792948293203,62.924778857665856,193.04225410390728,2022 Ukraine,27.694153850401307,0
2022-06-20,267.37166666666667,169.36156248198296,106.66014061646675,232.92998711866977,2022 Ukraine,98.01010418468371,1
2022-06-21,288.59375,183.13167703575022,118.9265201769896,249.91729784239885,2022 Ukraine,105.46207296424978,1
2022-06-22,323.34083333333336,172.8961122314418,110.1148721465375,238.90011515738442,2022 Ukraine,150.44472110189156,1
2022-06-23,295.0804166666667,203.5511573664421,134.28237986208623,270.1443504896959,2022 Ukraine,91.52925930022457,1
2022-06-24,274.3,167.42139889778502,104.20109791367123,236.86115953698612,2022 Ukraine,106.87860110221499,1
2022-06-25,240.39291666666668,153.34268731792838,86.90922502316694,219.3856035107242,2022 Ukraine,87.0502293487383,1
2022-06-26,201.67083333333332,143.76931711686447,74.33370654298729,209.44291034505167,2022 Ukraine,57.90151621646885,0
2022-06-27,316.6475,183.343863582184,118.07093216281586,245.89811621334022,2022 Ukraine,133.30363641781597,1
2022-06-28,331.5154166666667,186.45796955472377,116.33357591562314,254.03926867858684,2022 Ukraine,145.0574471119429,1
2022-06-29,315.54291666666666,179.2713488710866,113.31291904417348,250.7608808826017,2022 Ukraine,136.27156779558007,1
2022-06-30,325.4775,180.62594357181766,113.43354331785073,247.96698193842712,2022 Ukraine,144.85155642818236,1
2022-07-01,314.3845833333333,167.52622631146886,101.46830500864812,234.6481351451213,2022 Ukraine,146.85835702186444,1
2022-07-02,218.9225,160.49485204540298,97.92714022200904,227.86796543915943,2022 Ukraine,58.427647954597035,0
2022-07-03,200.10541666666663,132.00986514759614,64.47655155816977,201.22797467377006,2022 Ukraine,68.09555151907048,0
2022-07-04,293.89,172.50900494393233,106.5874881412447,243.1614647330821,2022 Ukraine,121.38099505606766,1
2022-07-05,318.37208333333336,175.7132356211692,110.0590513614991,245.46474932696108,2022 Ukraine,142.65884771216417,1
2022-07-06,303.53541666666666,168.0150294373122,99.37518013463914,232.73732773857344,2022 Ukraine,135.52038722935447,1
2022-07-07,213.21875,169.4865970688558,104.76770693948103,232.23844364442635,2022 Ukraine,43.73215293114421,0
2022-07-08,295.91541666666666,151.32608983339605,86.53573850743405,218.1190890881067,2022 Ukraine,144.5893268332706,1
2022-07-09,148.13750000000002,147.92381483300358,78.24070919315938,215.69933116806035,2022 Ukraine,0.21368516699644147,0
2022-07-10,115.16375,125.09080216154388,59.62623862552136,192.85995087611474,2022 Ukraine,-9.927052161543884,0
2022-07-11,372.595,162.4694495287976,96.9011915885841,232.0349835733739,2022 Ukraine,210.12555047120242,1
2022-07-12,377.66125000000005,204.17467958028087,136.8853192465585,272.83745550888483,2022 Ukraine,173.4865704197192,1
2022-07-13,352.15875,175.38179883805842,102.7345824599706,246.79840539619775,2022 Ukraine,176.77695116194158,1
2022-07-14,367.3779166666666,170.69590495317746,104.05667796704786,239.18955052441942,2022 Ukraine,196.68201171348912,1
2022-07-15,329.92333333333335,160.07151765308762,88.01925490939799,230.2636482985597,2022 Ukraine,169.85181568024572,1
2022-07-16,174.81208333333333,149.52749377346828,79.55235113289015,220.59968145896516,2022 Ukraine,25.284589559865054,0
2022-07-17,221.85666666666663,118.08105093977011,46.98459142019502,189.7533419960893,2022 Ukraine,103.77561572689652,1
2022-07-18,396.0654166666666,176.65820422923522,106.99713251518283,248.37794140384418,2022 Ukraine,219.40721243743135,1
2022-07-19,397.0854166666666,184.3720110777515,119.27518704445076,254.38473207331776,2022 Ukraine,212.71340558891512,1
2022-07-20,332.70458333333335,172.1276394609991,102.06929862859286,242.56676755791682,2022 Ukraine,160.57694387233425,1
2022-07-21,396.73375,160.63807503329164,91.76446333859606,235.28389424260064,2022 Ukraine,236.09567496670834,1
2022-07-22,377.45125,167.31392784198513,93.66737087623335,239.38893515159867,2022 Ukraine,210.13732215801488,1
2022-07-23,324.98541666666665,160.4480505494017,86.04814190217405,232.68062517386917,2022 Ukraine,164.53736611726495,1
2022-07-24,260.62833333333333,142.1667581161478,74.96275707068602,212.68562392398334,2022 Ukraine,118.46157521718553,1
2022-07-25,309.81125000000003,174.61064518701698,107.01465795395117,249.3202939790495,2022 Ukraine,135.20060481298304,1
2022-07-26,316.5729166666667,161.10169415497683,89.15848739625015,236.78719874331696,2022 Ukraine,155.47122251168986,1
2022-07-27,424.4916666666666,161.87380139031742,87.72274337632321,232.80683677878875,2022 Ukraine,262.6178652763492,1
2022-07-28,473.2533333333333,171.94487191843223,98.85521522734744,237.96846400881145,2022 Ukraine,301.30846141490105,1
2022-07-29,438.65,169.0706456960225,101.37582940084656,242.08228617170508,2022 Ukraine,269.5793543039775,1
2022-07-30,380.7741666666666,160.68428131220065,86.21802264020803,235.17933081176906,2022 Ukraine,220.08988535446593,1
2022-07-31,317.79291666666666,160.0733875572342,93.00853597119273,233.63041107850088,2022 Ukraine,157.71952910943244,1
2022-08-01,424.6216666666666,198.48732184115605,122.60062220404717,270.43035817345725,2022 Ukraine,226.13434482551057,1
2022-08-02,380.5125,183.70547586015388,113.59455405731393,259.69798842656036,2022 Ukraine,196.8070241398461,1
2022-08-03,384.82666666666665,173.31952878835196,102.47567583163213,250.50128739944887,2022 Ukraine,211.5071378783147,1
2022-08-04,414.1595833333333,175.1828309561089,99.3236484946192,248.08906577783728,2022 Ukraine,238.9767523772244,1
2022-08-05,380.31125,168.34084347460663,98.15195594083028,242.96181146827843,2022 Ukraine,211.97040652539334,1
2022-08-06,273.80916666666667,158.59421593308636,89.65300678177587,236.98406938981893,2022 Ukraine,115.21495073358031,1
2022-08-07,214.925,135.26889857144675,61.99218485248996,202.2558133585995,2022 Ukraine,79.65610142855326,1
2022-08-08,359.54791666666665,178.76419171131639,106.41395157033227,254.26896042909212,2022 Ukraine,180.78372495535027,1
2022-08-09,344.87208333333336,199.25252057925888,127.80720604441107,281.51274146263506,2022 Ukraine,145.61956275407448,1
2022-08-10,335.08,173.45706112504018,95.38224811394089,246.51152849411903,2022 Ukraine,161.6229388749598,1
2022-08-11,368.1458333333333,175.94880096721263,101.89927084374438,253.33952345841405,2022 Ukraine,192.19703236612068,1
2022-08-12,436.79833333333335,165.9238697482222,93.41251434022907,244.7644264676678,2022 Ukraine,270.87446358511113,1
2022-08-13,377.745,154.74392128252924,82.54885294391926,234.1579658616243,2022 Ukraine,223.00107871747076,1
2022-08-14,330.4558333333333,138.51281493666272,59.8829463640112,211.0107148883804,2022 Ukraine,191.9430183966706,1
2022-08-15,426.6045833333333,173.27311623108704,96.88128685980404,250.32587416390734,2022 Ukraine,253.33146710224628,1
2022-08-16,490.7929166666666,199.11933665790968,123.70023471415966,275.9300258301073,2022 Ukraine,291.6735800087569,1
2022-08-17,551.9525,195.02805077028924,118.1280254664577,268.05572210200614,2022 Ukraine,356.9244492297107,1
2022-08-18,563.76,201.69974141195985,127.50530875690765,285.0479879817086,2022 Ukraine,362.06025858804014,1
2022-08-19,515.0970833333333,192.37457478867796,115.75281111783372,268.15598608431657,2022 Ukraine,322.7225085446554,1
2022-08-20,457.97375000000005,188.9711928524304,114.91439063161789,270.24022902665615,2022 Ukraine,269.00255714756963,1
2022-08-21,364.13208333333336,165.2108094472885,87.61444282611362,247.83063811682254,2022 Ukraine,198.92127388604484,1
2022-08-22,563.81375,196.35102797179712,113.26120817310378,276.8377589378267,2022 Ukraine,367.4627220282029,1
2022-08-23,605.1279166666667,204.89135363449867,129.97442665882136,285.5539136216895,2022 Ukraine,400.236563032168,1
2022-08-24,624.3416666666667,174.9565779897154,94.49251969598895,257.0680756866103,2022 Ukraine,449.3850886769513,1
2022-08-25,599.8304166666667,179.240104838248,103.88058655865731,255.4102853741176,2022 Ukraine,420.5903118284187,1
2022-08-26,699.4416666666666,163.9922477304257,88.56763651056701,242.83567884137426,2022 Ukraine,535.4494189362409,1
2022-08-27,607.8391666666666,179.25077710745472,101.26785118624744,261.66912751848463,2022 Ukraine,428.5883895592119,1
2022-08-28,401.0329166666667,159.86317272794147,86.66587417683041,238.77412834383176,2022 Ukraine,241.16974393872525,1
