fold_id,period,date,actual,A_price_calendar_abs_err,B_plus_fundamentals_abs_err,C_plus_hormuz_abs_err,D_plus_interactions_abs_err
1,BASELINE,2022-01-04,153.91666666666666,79.51903497815069,72.44873726764321,72.44873726764321,78.4203221512371
2,BASELINE,2022-01-11,255.41,34.008460430539486,73.9155886108756,73.9155886108756,75.64724188511104
3,BASELINE,2022-01-18,235.87,75.32567460134626,69.8607493906004,69.8607493906004,67.3435765264951
4,BASELINE,2022-01-25,297.28833333333336,62.48960913049007,59.94509506817593,59.94509506817593,60.14098583348789
5,BASELINE,2022-02-01,150.24708333333334,50.447791755781964,65.37641159504324,65.37641159504324,64.36902901794704
6,BASELINE,2022-02-08,137.80791666666667,19.798036196108285,2.2093424027669357,2.2093424027669357,2.511875425687009
7,BASELINE,2022-02-15,155.00416666666666,16.78667176296284,5.634753496163995,5.634753496163995,5.671455967447628
8,BASELINE,2022-02-22,123.24291666666666,25.074475474876948,22.014446376404635,22.014446376404635,14.83178533232487
9,SHOCK_2022,2022-03-01,241.40125,40.22284726480936,30.093942796176094,30.093942796176094,31.66222933332054
10,SHOCK_2022,2022-03-08,487.5733333333333,175.0426145183372,171.50046146416946,171.50046146416946,169.52459133600678
11,SHOCK_2022,2022-03-15,300.5375,8.37370770416004,40.63349811634748,40.63349811634748,37.155729435908825
12,SHOCK_2022,2022-03-22,236.48833333333332,30.56746831291801,3.0858769426031927,3.0858769426031927,1.9414389984038678
13,SHOCK_2022,2022-03-29,250.18291666666667,15.217561361200978,2.3786413512744673,2.3786413512744673,3.986834530447311
14,SHOCK_2022,2022-04-05,183.02416666666667,49.88847658210764,19.37553002179078,19.37553002179078,21.86771920456053
15,SHOCK_2022,2022-04-12,184.5925,7.313402956910494,16.409665784300756,16.409665784300756,20.621410244220016
16,SHOCK_2022,2022-04-19,213.00458333333333,48.924067641654545,54.178199930933346,54.178199930933346,58.516524418170405
17,SHOCK_2022,2022-04-26,238.46916666666667,31.98522938380185,22.40105476249647,22.40105476249647,18.562180408534914
18,SHOCK_2022,2022-05-03,218.15625,30.666867648242942,43.61578355172401,43.61578355172401,47.34081533944362
19,SHOCK_2022,2022-05-10,183.31875,53.12000228836379,65.50056091026394,65.50056091026394,65.41465347113751
20,SHOCK_2022,2022-05-17,225.74916666666664,21.772526587369697,9.047638318212478,9.047638318212478,7.1323721508685765
21,SHOCK_2022,2022-05-24,162.945,26.81571634645715,21.910404375776153,21.910404375776153,21.93688704665152
22,SHOCK_2022,2022-05-31,210.17,1.3228799651547547,2.8736364150746,2.8736364150746,2.5861943856658343
23,SHOCK_2022,2022-06-07,183.88166666666663,30.559705316672137,54.94086271405649,54.94086271405649,61.076735795260845
24,SHOCK_2022,2022-06-14,194.9808333333333,30.376030066131904,21.066702422893712,21.066702422893712,16.445515006472306
25,SHOCK_2022,2022-06-21,288.59375,40.82149645072445,8.853632107502392,8.853632107502392,10.564489640186252
26,SHOCK_2022,2022-06-28,331.5154166666667,25.714758141985783,31.736309833165308,31.736309833165308,29.62000231576019
27,SHOCK_2022,2022-07-05,318.37208333333336,16.22804976490312,26.50836765754218,26.50836765754218,22.11069818851672
28,SHOCK_2022,2022-07-12,377.66125000000005,58.69926688853815,35.14370851863032,35.14370851863032,43.60750520400188
29,SHOCK_2022,2022-07-19,397.0854166666666,39.43409695862755,39.97499991082634,39.97499991082634,40.91354440027402
30,SHOCK_2022,2022-07-26,316.5729166666667,2.082245040603084,9.520463422759974,9.520463422759974,7.757561828577195
31,SHOCK_2022,2022-08-02,380.5125,19.564877650288167,19.92993426248671,19.92993426248671,19.18158367369034
32,SHOCK_2022,2022-08-09,344.87208333333336,57.29972214285857,50.302140354802646,50.302140354802646,50.302140354802646
33,SHOCK_2022,2022-08-16,490.7929166666666,104.45698769921029,98.99816784681434,98.99816784681434,98.72557017495348
34,SHOCK_2022,2022-08-23,605.1279166666667,151.8277695349865,155.6395164795121,155.6395164795121,155.13374236073844
35,SHOCK_2022,2022-08-30,660.23625,130.8616064596839,126.6697179428927,126.6697179428927,126.56443867887947
36,SHOCK_2022,2022-09-06,417.26875,35.1312795565687,45.60391467949614,45.60391467949614,44.498190520919536
37,SHOCK_2022,2022-09-13,392.37,85.29379554205411,15.025571050272788,15.025571050272788,17.453882343934538
38,SHOCK_2022,2022-09-20,363.425,56.22849232905787,37.4927767100408,37.4927767100408,28.446611586967663
39,SHOCK_2022,2022-09-27,310.2083333333333,4.848362214179815,20.1452945740229,20.1452945740229,21.87153969782645
40,SHOCK_2022,2022-10-04,246.30625,15.672519060730934,26.939094140716207,26.939094140716207,21.31127563245147
41,SHOCK_2022,2022-10-11,259.87375000000003,88.82806163599409,68.15597899467082,68.15597899467082,72.71387508705149
42,SHOCK_2022,2022-10-18,183.17541666666668,26.037528020959513,10.69860327931434,10.69860327931434,14.576516862011317
43,SHOCK_2022,2022-10-25,105.39708333333334,19.936539087886658,19.12503905791766,19.12503905791766,16.324343961925607
44,SHOCK_2022,2022-11-01,68.855,90.6780807499132,124.80211738598892,124.80211738598892,119.91834533409529
45,SHOCK_2022,2022-11-08,95.15458333333332,15.226901726365966,13.006865236915587,13.006865236915587,9.078459437346254
46,SHOCK_2022,2022-11-15,177.28875000000002,1.481079295873883,2.479901690480091,2.479901690480091,0.5345941502111202
47,SHOCK_2022,2022-11-22,203.87875,43.53651781508907,48.01073763697676,48.01073763697676,47.3984949459705
48,SHOCK_2022,2022-11-29,371.6425,77.20385068712716,73.69394202820604,73.69394202820604,75.25946204580913
49,SHOCK_2022,2022-12-06,386.44416666666666,17.117022321458364,4.100113557600423,4.100113557600423,8.816834699109563
50,SHOCK_2022,2022-12-13,444.4766666666667,25.40184923234,7.58452753591763,7.58452753591763,4.403907475591154
51,SHOCK_2022,2022-12-20,185.8216666666667,24.948129545824344,13.529662081581648,13.529662081581648,13.704993129121647
52,SHOCK_2022,2022-12-27,91.73416666666668,39.06553830895393,37.12714693860946,37.12714693860946,36.02772368350173
53,SHOCK_2022,2023-01-03,145.95458333333332,8.574148762932708,11.359969541077675,11.359969541077675,10.791357764714604
54,SHOCK_2022,2023-01-10,123.13041666666668,13.974830971192759,5.135880386384642,5.135880386384642,6.0472432538509935
55,SHOCK_2022,2023-01-17,133.56666666666666,3.5059041316758055,2.8228622441507127,2.8228622441507127,2.9307630966632416
56,SHOCK_2022,2023-01-24,202.69291666666663,6.803598555560825,0.03063708467513493,0.03063708467513493,1.2172967457248944
57,SHOCK_2022,2023-01-31,117.32166666666669,0.4867468828190056,5.57467154365375,5.57467154365375,3.533793738091731
58,SHOCK_2022,2023-02-07,172.9225,4.432138913510016,3.757600417269913,3.757600417269913,4.003262292886575
59,SHOCK_2022,2023-02-14,154.49291666666667,12.589153917936983,14.716469950312245,14.716469950312245,11.971310814119477
60,SHOCK_2022,2023-02-21,122.44583333333333,15.831446211491865,26.54197676001246,26.54197676001246,27.66843968289335
61,BASELINE,2023-02-28,148.045,5.255479395551902,5.923707695808446,5.923707695808446,5.024146439200365
62,BASELINE,2023-03-07,106.86791666666666,45.36867865555699,48.69860568249247,48.69860568249247,47.61104445616995
63,BASELINE,2023-03-14,71.47958333333334,29.020036276988648,39.829481564876815,39.829481564876815,38.49662705048907
64,BASELINE,2023-03-21,115.0525,13.179670461389392,13.2515975861768,13.2515975861768,15.505974937639436
65,BASELINE,2023-03-28,113.15125,13.367525578365118,15.655841199849618,15.655841199849618,14.955430811527293
66,BASELINE,2023-04-04,132.06958333333333,7.527501710096203,7.884900323103977,7.884900323103977,7.393298759819871
67,BASELINE,2023-04-11,59.98541666666667,40.16485530497261,30.02135146849995,30.02135146849995,30.85360926553063
68,BASELINE,2023-04-18,108.22541666666666,13.002315222485208,4.941849044917959,4.941849044917959,4.497626957200296
69,BASELINE,2023-04-25,100.99625,13.018976069208321,6.351220480264729,6.351220480264729,5.763141274227948
70,BASELINE,2023-05-02,106.10125,15.707192126179592,15.04053601334688,15.04053601334688,13.68797872707529
71,BASELINE,2023-05-09,94.63791666666668,5.788642167427398,0.7914401899561483,0.7914401899561483,0.21461097650721683
72,BASELINE,2023-05-16,79.29541666666667,38.475610934011286,30.66767769901857,30.66767769901857,30.982032058489466
73,BASELINE,2023-05-23,72.78541666666666,27.995380808804384,19.30947501929687,19.30947501929687,19.952745437275993
74,BASELINE,2023-05-30,87.73875,30.62315265434667,38.120161580918385,38.120161580918385,38.322471108125974
75,BASELINE,2023-06-06,98.13916666666668,4.954509669943093,11.328127791593403,11.328127791593403,11.730988500860306
76,BASELINE,2023-06-13,90.02708333333334,8.359831284051154,5.259464961617681,5.259464961617681,5.169168246617957
77,BASELINE,2023-06-20,121.1475,4.7205519400943246,9.309055771563948,9.309055771563948,10.44362846828524
78,BASELINE,2023-06-27,101.94625,8.857142508241708,0.8477319031108692,0.8477319031108692,1.9912656989266821
79,BASELINE,2023-07-04,85.12333333333333,16.252388796856167,17.311617692331808,17.311617692331808,13.946489444239191
80,BASELINE,2023-07-11,105.95791666666668,4.456801306481722,1.159335173529712,1.159335173529712,0.3134646563869836
81,BASELINE,2023-07-18,106.46458333333334,14.369576128220743,20.248028575478997,20.248028575478997,19.32352963586648
82,BASELINE,2023-07-25,104.15458333333332,4.739484602972908,7.5907317733480255,7.5907317733480255,7.341247669463712
83,BASELINE,2023-08-01,79.42791666666666,6.9705302385712,0.34099100269860116,0.34099100269860116,1.0258617183668406
84,BASELINE,2023-08-08,12.057083333333331,47.34062376861794,50.26892936241408,50.26892936241408,49.439783281787825
85,BASELINE,2023-08-15,93.55666666666669,7.02526798297751,8.38108390870866,8.38108390870866,8.989974940466283
86,BASELINE,2023-08-22,123.15208333333334,2.3327413982105014,11.366170413891524,11.366170413891524,11.529406710819629
87,BASELINE,2023-08-29,122.90375,4.681347878047319,1.5749898191792653,1.5749898191792653,2.7899247486158885
88,BASELINE,2023-09-05,103.54208333333334,7.728437369757259,3.2310525597692674,3.2310525597692674,3.29748923021927
89,BASELINE,2023-09-12,131.45416666666668,12.602142535456409,0.3615223284180047,0.3615223284180047,1.210311963225223
90,BASELINE,2023-09-19,37.5225,66.31947672554861,63.25919051925032,63.25919051925032,62.32917730467714
91,BASELINE,2023-09-26,128.765,26.626634131883407,28.139932004733268,28.139932004733268,29.311579929293103
92,BASELINE,2023-10-03,22.955,85.4855364384145,78.85312294753493,78.85312294753493,79.56332093504271
93,BASELINE,2023-10-10,112.38541666666669,0.04536300055960396,0.16350386911142323,0.16350386911142323,1.3438150736546106
94,BASELINE,2023-10-17,130.12416666666667,9.187800634763178,11.186190319737136,11.186190319737136,12.123511394946618
95,BASELINE,2023-10-24,117.98583333333332,1.8871813128289432,2.3086502991493916,2.3086502991493916,0.5155778103796109
96,BASELINE,2023-10-31,104.95,4.671208897879367,0.030893835138797954,0.030893835138797954,2.85836818915449
97,BASELINE,2023-11-07,99.74583333333334,12.205251549878,8.176116871077113,8.176116871077113,9.78333766677342
98,BASELINE,2023-11-14,65.50791666666667,35.56340207447609,34.642924268101595,34.642924268101595,33.487597079542226
99,BASELINE,2023-11-21,123.29833333333332,24.829136050597185,20.03867715051757,20.03867715051757,20.736878751897436
100,BASELINE,2023-11-28,121.94125,7.690819205010186,11.665630564426607,11.665630564426607,13.270993785522037
101,BASELINE,2023-12-05,114.3925,6.0062890747852435,4.010075495895791,4.010075495895791,11.090808065478242
102,BASELINE,2023-12-12,106.06208333333336,5.576877845669145,10.306592292177854,10.306592292177854,6.856905685520374
103,BASELINE,2023-12-19,76.28958333333334,10.38157013595007,13.8170302863209,13.8170302863209,12.863516777778031
104,BASELINE,2023-12-26,16.622083333333332,13.60661752062638,20.446027919921743,20.446027919921743,20.69636109058327
105,BASELINE,2024-01-02,53.07333333333333,0.1538785802610434,1.4273734428399507,1.4273734428399507,3.3581046092410034
106,BASELINE,2024-01-09,109.39458333333334,9.88694339837349,9.882211867209037,9.882211867209037,9.79669839097086
107,BASELINE,2024-01-16,101.13791666666668,6.391523334244297,10.068095576439802,10.068095576439802,10.494352112246887
108,BASELINE,2024-01-23,52.28458333333333,20.224539960619893,17.64872380182588,17.64872380182588,11.941729049844085
109,BASELINE,2024-01-30,77.96708333333333,7.608206010148365,3.685979682629579,3.685979682629579,4.23379778169253
110,BASELINE,2024-02-06,45.29291666666666,8.62574511311768,10.42423918097122,10.42423918097122,11.31264881457625
111,BASELINE,2024-02-13,72.22791666666667,10.736358665693572,8.126119833952998,8.126119833952998,7.73120634800928
112,BASELINE,2024-02-20,63.223333333333336,2.4298716800959212,0.8784263617561194,0.8784263617561194,0.6480172209266044
113,BASELINE,2024-02-27,73.83624999999999,7.748092226778283,9.995733251369515,9.995733251369515,9.133684513775279
114,BASELINE,2024-03-05,74.60125000000001,8.47741582262897,4.241566272209141,4.241566272209141,2.8201707484357286
115,BASELINE,2024-03-12,86.47083333333335,12.146235464020236,11.613641905681632,11.613641905681632,13.02767118308401
116,BASELINE,2024-03-19,81.56791666666666,5.459347305790146,6.298393823569413,6.298393823569413,4.711481092701433
117,BASELINE,2024-03-26,66.14458333333333,20.241590087787742,19.93760176642874,19.93760176642874,19.015186220993115
118,BASELINE,2024-04-02,33.35458333333333,21.25768907172295,22.316023170047927,22.316023170047927,23.52273037637992
119,BASELINE,2024-04-09,57.9925,24.804131299335303,25.558777095913946,25.558777095913946,25.931819271406134
120,BASELINE,2024-04-16,56.25791666666667,17.40754667237662,17.615870980040604,17.615870980040604,17.232883864566
121,BASELINE,2024-04-23,97.75833333333333,2.84343958645384,2.9675113433980727,2.9675113433980727,3.94109113105074
122,BASELINE,2024-04-30,69.38166666666667,18.135750806611895,16.708056812702225,16.708056812702225,13.15010764542781
123,BASELINE,2024-05-07,93.0375,1.8784780337281433,2.3642232491823307,2.3642232491823307,3.325667063802271
124,BASELINE,2024-05-14,27.682916666666667,36.13832907529786,35.26076095647531,35.26076095647531,35.015916794704935
125,BASELINE,2024-05-21,79.81333333333333,12.798923089400958,9.14200357601807,9.14200357601807,7.887940161597115
126,BASELINE,2024-05-28,90.75166666666668,17.082275763757835,15.954873022022284,15.954873022022284,15.76079057080942
127,BASELINE,2024-06-04,107.23166666666668,3.978304669446999,0.555289063272042,0.555289063272042,1.392634419261185
128,BASELINE,2024-06-11,61.63208333333333,38.07013400894205,34.45512184863216,34.45512184863216,34.87055092269999
129,BASELINE,2024-06-18,96.19833333333334,6.077416073387141,2.881830868635916,2.881830868635916,3.129670049053928
130,BASELINE,2024-06-25,75.59833333333333,19.96556315413258,19.22768745605886,19.22768745605886,18.637664720643485
131,BASELINE,2024-07-02,85.67666666666666,1.5355990520354226,7.966518887510745,7.966518887510745,7.319409457851123
132,BASELINE,2024-07-09,77.6925,8.017170984470283,12.676292852092914,12.676292852092914,11.801713868379096
133,BASELINE,2024-07-16,50.30125,31.47026607835847,31.209479156753936,31.209479156753936,31.157339862650907
134,BASELINE,2024-07-23,79.50708333333334,7.411923435021308,9.498960144387837,9.498960144387837,9.291034454920194
135,BASELINE,2024-07-30,77.24208333333333,2.0128086690672973,1.8523666570915651,1.8523666570915651,1.5906410293356714
136,BASELINE,2024-08-06,86.98,12.821188726632798,12.945646024869973,12.945646024869973,13.371857548954452
137,BASELINE,2024-08-13,99.73833333333332,10.645213136484102,6.085183680913374,6.085183680913374,6.538686343330383
138,BASELINE,2024-08-20,92.11208333333332,13.839337439134482,14.757919011029443,14.757919011029443,14.052607120433734
139,BASELINE,2024-08-27,90.89791666666667,7.003065727773674,9.994144887625211,9.994144887625211,10.149029490002377
140,BASELINE,2024-09-03,158.39208333333332,45.42498042265453,48.015592547428724,48.015592547428724,48.20767187001539
141,BASELINE,2024-09-10,59.03875,49.96182893842788,44.6412530797677,44.6412530797677,43.33041867445805
142,BASELINE,2024-09-17,88.89416666666666,1.5261006493009575,3.639587053145945,3.639587053145945,4.116239874693264
143,BASELINE,2024-09-24,91.7725,22.625881254198177,18.428107420232294,18.428107420232294,17.811291674999723
144,BASELINE,2024-10-01,67.835,9.852614832903164,1.4453553953169518,1.4453553953169518,0.38302187777163965
145,BASELINE,2024-10-08,91.31666666666666,10.301743853359284,3.650843637768446,3.650843637768446,2.3769761939922205
146,BASELINE,2024-10-15,94.99708333333332,3.1768894931618092,4.582257525573539,4.582257525573539,5.014459245507439
147,BASELINE,2024-10-22,103.01458333333332,18.19189875279413,14.664211294959529,14.664211294959529,15.341407055954178
148,BASELINE,2024-10-29,141.17791666666668,35.75809223957636,34.3243691685862,34.3243691685862,34.27749749476307
149,BASELINE,2024-11-05,164.785,44.81792930558019,51.74657227686278,51.74657227686278,54.03016312151564
150,BASELINE,2024-11-12,166.12291666666667,25.342127963304677,41.44319445420295,41.44319445420295,44.59909092947635
151,BASELINE,2024-11-19,123.9925,8.186872829925306,15.879800100659892,15.879800100659892,16.80235101773944
152,BASELINE,2024-11-26,112.74958333333332,37.97473227564741,36.30196406288569,36.30196406288569,35.85987945156384
153,BASELINE,2024-12-03,144.07208333333332,39.72166252585984,39.366332382041676,39.366332382041676,38.263241270939275
154,BASELINE,2024-12-10,149.92875,38.22742258046917,42.73065123618032,42.73065123618032,42.6326417417354
155,BASELINE,2024-12-17,86.30083333333333,14.998813469416518,4.931934013621287,4.931934013621287,8.142482594907804
156,BASELINE,2024-12-24,102.48625,48.04789511478251,37.51229504834576,37.51229504834576,35.559065465964224
157,BASELINE,2024-12-31,62.1025,28.745873631995245,28.051056600017738,28.051056600017738,31.01657023379726
158,BASELINE,2025-01-07,58.290416666666665,5.426566946253146,12.298701018793913,12.298701018793913,10.775987757506748
159,BASELINE,2025-01-14,126.8175,7.387392412454346,10.400074647031303,10.400074647031303,10.464057561174457
160,BASELINE,2025-01-21,168.45624999999998,43.26585642756149,35.5111041537846,35.5111041537846,35.885573894623036
161,BASELINE,2025-01-28,106.37416666666668,2.9559433028501587,5.326437102754056,5.326437102754056,2.7795147962500266
162,BASELINE,2025-02-04,142.41625,2.7064969916457358,1.1096609429664852,1.1096609429664852,2.1308156149513877
163,BASELINE,2025-02-11,120.01291666666668,3.645174399332518,3.5463146062939614,3.5463146062939614,3.5637123634797945
164,BASELINE,2025-02-18,132.45458333333332,17.369979468923304,14.44373188824207,14.44373188824207,13.230749455771644
165,BASELINE,2025-02-25,139.75625,42.39925560395589,40.231588776298366,40.231588776298366,40.194781763514726
166,BASELINE,2025-03-04,107.76625,3.47004653355404,1.2368904157879257,1.2368904157879257,3.2345004253891716
167,BASELINE,2025-03-11,125.2975,15.468872526452273,17.867573791105443,17.867573791105443,18.068405505317884
168,BASELINE,2025-03-18,90.14458333333334,16.602319871502843,12.928457819638908,12.928457819638908,11.593030848577357
169,BASELINE,2025-03-25,111.78000000000002,8.255325604820356,7.606973165366398,7.606973165366398,6.885588601494916
170,BASELINE,2025-04-01,94.21916666666668,11.899086716954756,8.478072182194424,8.478072182194424,9.051822313727058
171,BASELINE,2025-04-08,98.74625,6.7513680448693805,2.487062627314458,2.487062627314458,2.116227334424295
172,BASELINE,2025-04-15,70.04166666666667,27.428982600223137,24.404940629819123,24.404940629819123,24.968673432391356
173,BASELINE,2025-04-22,112.64208333333332,29.236807863201932,23.696276301635223,23.696276301635223,24.400038336947176
174,BASELINE,2025-04-29,73.20291666666667,18.243626527381352,11.676247209159513,11.676247209159513,12.394844367071428
175,BASELINE,2025-05-06,90.96291666666669,10.223680475164642,6.447719607366395,6.447719607366395,6.2644706304263025
176,BASELINE,2025-05-13,79.50416666666668,3.377510973093109,0.9340529130703885,0.9340529130703885,1.543944228192501
177,BASELINE,2025-05-20,91.14333333333332,3.962884945559182,1.2755324104946482,1.2755324104946482,0.40714342104197954
178,BASELINE,2025-05-27,61.84708333333333,16.096358006077168,20.810450480483823,20.810450480483823,21.96678498632562
179,BASELINE,2025-06-03,71.68666666666667,10.012680809260232,16.52419414453243,16.52419414453243,16.091541785828696
180,BASELINE,2025-06-10,54.1225,4.868350527404395,11.203395589298253,11.203395589298253,14.439651831850668
181,BASELINE,2025-06-17,84.645,3.704325366415702,0.06382808392251604,0.06382808392251604,0.1606125961899778
182,BASELINE,2025-06-24,47.219166666666666,16.279243069949125,21.24788159216679,21.24788159216679,20.91970745475814
183,BASELINE,2025-07-01,138.36458333333334,40.115117622694584,42.78593739860665,42.78593739860665,41.87093489298286
184,BASELINE,2025-07-08,90.0125,14.182682511759722,10.32985594612012,10.32985594612012,10.578034798661818
185,BASELINE,2025-07-15,90.82458333333334,2.952566483778128,3.24288865765827,3.24288865765827,3.894806316806225
186,BASELINE,2025-07-22,78.38083333333334,20.46993817775997,19.12680658859928,19.12680658859928,18.949826150566167
187,BASELINE,2025-07-29,76.9525,13.451179565704507,13.011980832230194,13.011980832230194,13.470527085768481
188,BASELINE,2025-08-05,36.04958333333334,36.42201647314868,36.99924276874662,36.99924276874662,35.47125261039624
189,BASELINE,2025-08-12,84.95291666666667,5.142201341707249,0.7173816948869245,0.7173816948869245,1.4107499013143894
190,BASELINE,2025-08-19,82.38708333333334,5.948669901252217,7.597577832086799,7.597577832086799,7.028520679898307
191,BASELINE,2025-08-26,99.78916666666667,12.555741672846025,13.599994084106328,13.599994084106328,12.824192431745615
192,BASELINE,2025-09-02,122.08791666666669,21.990322846563814,22.763313977744005,22.763313977744005,22.93176348460375
193,BASELINE,2025-09-09,142.45291666666665,24.833876294828457,30.21904024164789,30.21904024164789,29.84807553750153
194,BASELINE,2025-09-16,19.5225,64.00557614857337,54.356467280091756,54.356467280091756,55.93855113641548
195,BASELINE,2025-09-23,103.0875,11.089663939134937,10.261151183693968,10.261151183693968,10.064780317632739
196,BASELINE,2025-09-30,136.16625,12.885062516977058,20.508550274581893,20.83828802970457,21.442435027876556
197,BASELINE,2025-10-07,137.95666666666668,48.27863785500658,48.85517288175649,48.85517288175649,48.866910636066464
198,BASELINE,2025-10-14,156.13875,23.593004055358676,30.258218263375383,30.258218263375383,30.858165133071736
199,BASELINE,2025-10-21,67.8075,42.98622857726447,28.051315630058753,28.051315630058753,28.344881092065435
200,BASELINE,2025-10-28,66.67416666666666,10.855591974073917,9.04669075330851,9.04669075330851,8.13532369283098
201,BASELINE,2025-11-04,73.55416666666666,5.80242355564026,8.411686891457109,8.206376421206244,8.543795477083492
202,BASELINE,2025-11-11,96.88791666666668,14.017954305637105,10.865692021439074,9.756614432951693,11.44642137178431
203,BASELINE,2025-11-18,101.96541666666668,7.961108917351183,6.29868354301145,6.470989310045127,6.078972337007386
204,BASELINE,2025-11-25,220.51791666666668,97.0298441489276,99.96728032339735,99.74847244786535,102.31176869993556
205,BASELINE,2025-12-02,100.37041666666666,1.509864453618448,11.888226773590276,9.449593944164747,11.1020113721178
206,BASELINE,2025-12-09,91.57458333333334,2.4057859589925243,10.868943882734868,9.978550558709642,11.449688237868116
207,BASELINE,2025-12-16,106.74458333333332,17.658138193340122,20.477834973697,17.72804410867029,18.698563550082895
208,BASELINE,2025-12-23,74.73291666666667,17.525572725598934,15.851792316561614,15.851792316561614,16.81939618538324
209,BASELINE,2025-12-30,87.76125,1.4626444265539362,1.2996227062966312,1.5964910222274398,2.493610708280258
210,BASELINE,2026-01-06,127.42541666666666,5.1832517617721265,9.689697200311855,9.388818087749769,8.151711848947059
211,BASELINE,2026-01-13,105.71,0.6648136067381074,5.032151016032884,3.0583081601598394,2.12450576583025
212,BASELINE,2026-01-20,156.17125,20.777471358189587,27.7174892145523,25.828269286744415,24.04612475282707
213,BASELINE,2026-01-27,130.6075,8.587134950424058,2.0746712282148962,3.4316951258486768,4.9434690821864535
214,BASELINE,2026-02-03,98.47708333333333,16.958356611993835,12.94645259818651,13.944117361048953,13.020631592417047
215,BASELINE,2026-02-10,116.84541666666668,8.864510616198814,6.840263459870869,9.486954533624612,9.235169552152598
216,BASELINE,2026-02-17,97.58041666666666,4.7664467232026055,0.9979104226615334,0.4010962282730617,0.38642253608099963
217,BASELINE,2026-02-24,114.79541666666668,32.11923641005991,32.44599830512624,33.85525910635491,32.819193386741645
218,SHOCK_2026,2026-03-03,106.52583333333332,12.063593270732866,12.913536418052729,10.353609439427913,9.815087873624677
219,SHOCK_2026,2026-03-10,139.92208333333335,11.698972534414622,8.008554822024564,9.339067697899878,6.775761494161486
220,SHOCK_2026,2026-03-17,126.15833333333336,34.625441427798776,30.006647046612017,29.840075519320393,29.87542814126155
221,SHOCK_2026,2026-03-24,76.80875,56.74094084787899,58.375889283258005,60.53524892509475,61.585543882597165
222,SHOCK_2026,2026-03-31,117.82958333333332,47.19594550586085,32.95433445954215,31.72999127959804,33.51562653184952
223,SHOCK_2026,2026-04-07,89.88833333333334,6.988889943001126,11.653264280084827,8.176228999794304,9.291726845673097
224,SHOCK_2026,2026-04-14,138.08875,17.05402678792997,15.261772008044161,14.17021524225207,12.81452895262548
225,SHOCK_2026,2026-04-21,82.57208333333334,22.064576479209038,20.119677292748932,21.196328825338284,21.234858289234495
226,SHOCK_2026,2026-04-28,70.64583333333333,21.10418734977138,28.287333070740146,29.03242512520802,29.417086294300162
227,SHOCK_2026,2026-05-05,128.73125000000002,10.461980308890858,2.9834783254505055,3.6389259440163926,1.7368008681011275
228,SHOCK_2026,2026-05-12,93.30625,25.35440460114968,20.977558933706277,21.672394183430995,22.035653614289856
229,SHOCK_2026,2026-05-19,128.11875,4.547010085390028,4.71732339527388,3.1615727813235424,2.97045403087526
230,SHOCK_2026,2026-05-26,97.86875,3.3655341857545977,1.6471324829313687,1.162802991735333,0.9866094508180652
231,SHOCK_2026,2026-06-02,122.0225,16.35967515018747,14.107599198700782,14.491893263804215,14.613278645806403
232,SHOCK_2026,2026-06-09,96.87583333333332,20.388491955049886,18.856580696225336,18.987922699169715,18.71380424312885
233,SHOCK_2026,2026-06-16,113.07958333333332,19.99164966350017,17.901733819560775,17.865991981448033,19.123570002721223
234,SHOCK_2026,2026-06-23,174.91291666666666,57.74469906376747,57.11380012905147,57.593312317914126,57.268332438258554
235,SHOCK_2026,2026-06-30,187.32791666666665,45.29514136891254,53.469903481976104,52.94230006460751,51.638586131681535
236,SHOCK_2026,2026-07-07,72.80125,31.282817349723388,32.46209426880135,31.903511718115467,31.59466855351353
237,SHOCK_2026,2026-07-14,123.96958333333332,6.991337679087181,7.0132836211455185,6.265934482422267,7.8260198551409275
238,SHOCK_2026,2026-07-21,112.96,3.391685247186544,11.947282749366167,14.711284579769881,12.459062191200005
239,SHOCK_2026,2026-07-28,116.82416666666668,23.894825879271224,5.554863906273042,4.632186340643074,5.190962841982412
240,SHOCK_2026,2026-08-04,149.78958333333333,20.552875758085406,6.517395679551214,6.320309962824325,7.769285964962592
241,SHOCK_2026,2026-08-11,110.3825,8.285271122732354,8.954900967028806,9.137423436333705,10.3684891100702
242,SHOCK_2026,2026-08-18,163.92958333333334,2.1682692575776628,4.600729171181968,5.183678563825453,3.384318841313103
243,SHOCK_2026,2026-08-25,141.42791666666668,0.4328071464839809,9.239807060059633,9.863653344272905,9.657528821189487
244,SHOCK_2026,2026-09-01,143.80125,29.795877626758013,15.611352301851127,14.177285127591261,13.00904322698878
