date,portid,portname,n_total,n_tanker,n_cargo,capacity,capacity_tanker,capacity_cargo
2025-01-01,chokepoint6,Strait of Hormuz,75,41,34,2863166,2225748,637418
2025-01-02,chokepoint6,Strait of Hormuz,65,37,28,2573736,1743466,830269
2025-01-03,chokepoint6,Strait of Hormuz,67,37,30,3188496,2615342,573153
2025-01-04,chokepoint6,Strait of Hormuz,77,40,37,2900630,1557733,1342896
2025-01-05,chokepoint6,Strait of Hormuz,56,38,18,1851550,1457594,393956
2025-01-06,chokepoint6,Strait of Hormuz,54,25,29,1450968,564363,886605
2025-01-07,chokepoint6,Strait of Hormuz,63,34,29,2884952,1957933,927019
2025-01-08,chokepoint6,Strait of Hormuz,65,30,35,1942284,1083148,859136
2025-01-09,chokepoint6,Strait of Hormuz,64,37,27,2663159,1832266,830893
2025-01-10,chokepoint6,Strait of Hormuz,68,42,26,2661043,2050750,610293
2025-01-11,chokepoint6,Strait of Hormuz,80,49,31,3268762,2642729,626033
2025-01-12,chokepoint6,Strait of Hormuz,91,53,38,3813067,2919789,893278
2025-01-13,chokepoint6,Strait of Hormuz,64,38,26,2352411,1537924,814487
2025-01-14,chokepoint6,Strait of Hormuz,71,33,38,2220650,1433408,787242
2025-01-15,chokepoint6,Strait of Hormuz,66,33,33,2792939,1947788,845151
2025-01-16,chokepoint6,Strait of Hormuz,74,43,31,2434769,1650742,784027
2025-01-17,chokepoint6,Strait of Hormuz,76,46,30,3555557,2714135,841422
2025-01-18,chokepoint6,Strait of Hormuz,77,45,32,2740097,2236196,503901
2025-01-19,chokepoint6,Strait of Hormuz,65,32,33,2136392,1160028,976364
2025-01-20,chokepoint6,Strait of Hormuz,72,45,27,2300160,1665943,634216
2025-01-21,chokepoint6,Strait of Hormuz,71,38,33,2297933,1465745,832187
2025-01-22,chokepoint6,Strait of Hormuz,59,35,24,2617250,2133054,484195
2025-01-23,chokepoint6,Strait of Hormuz,62,41,21,2678134,1886518,791616
2025-01-24,chokepoint6,Strait of Hormuz,68,31,37,2832322,1654768,1177554
2025-01-25,chokepoint6,Strait of Hormuz,89,52,37,2913588,2177915,735672
2025-01-26,chokepoint6,Strait of Hormuz,79,54,25,2975340,2569602,405737
2025-01-27,chokepoint6,Strait of Hormuz,73,41,32,2099337,1073686,1025650
2025-01-28,chokepoint6,Strait of Hormuz,60,33,27,2189935,1458593,731341
2025-01-29,chokepoint6,Strait of Hormuz,83,48,35,2463689,1551214,912474
2025-01-30,chokepoint6,Strait of Hormuz,75,38,37,3341627,2554673,786954
2025-01-31,chokepoint6,Strait of Hormuz,78,46,32,2091899,1479761,612137
2025-02-01,chokepoint6,Strait of Hormuz,60,31,29,2302407,1439569,862838
2025-02-02,chokepoint6,Strait of Hormuz,59,40,19,1832543,1194124,638418
2025-02-03,chokepoint6,Strait of Hormuz,78,44,34,3291596,2068522,1223074
2025-02-04,chokepoint6,Strait of Hormuz,80,46,34,2245546,1475376,770169
2025-02-05,chokepoint6,Strait of Hormuz,62,35,27,1878992,1112829,766162
2025-02-06,chokepoint6,Strait of Hormuz,77,34,43,2542055,1493448,1048607
2025-02-07,chokepoint6,Strait of Hormuz,56,29,27,2041448,1309308,732140
2025-02-08,chokepoint6,Strait of Hormuz,60,33,27,2158574,1230252,928321
2025-02-09,chokepoint6,Strait of Hormuz,75,45,30,2149340,1623694,525645
2025-02-10,chokepoint6,Strait of Hormuz,66,45,21,3522982,2733106,789875
2025-02-11,chokepoint6,Strait of Hormuz,92,49,43,2553286,1912801,640484
2025-02-12,chokepoint6,Strait of Hormuz,100,59,41,4217636,3252718,964917
2025-02-13,chokepoint6,Strait of Hormuz,128,63,65,5045477,3211579,1833897
2025-02-14,chokepoint6,Strait of Hormuz,75,47,28,2955771,2390359,565412
2025-02-15,chokepoint6,Strait of Hormuz,70,38,32,2499695,1548888,950807
2025-02-16,chokepoint6,Strait of Hormuz,67,40,27,2971658,2411271,560387
2025-02-17,chokepoint6,Strait of Hormuz,64,33,31,2604457,1837081,767375
2025-02-18,chokepoint6,Strait of Hormuz,83,39,44,2793145,2101234,691911
2025-02-19,chokepoint6,Strait of Hormuz,76,43,33,2812889,2200837,612051
2025-02-20,chokepoint6,Strait of Hormuz,67,45,22,2391814,1661163,730651
2025-02-21,chokepoint6,Strait of Hormuz,83,40,43,3357262,1995161,1362100
2025-02-22,chokepoint6,Strait of Hormuz,114,65,49,4677146,3448889,1228256
2025-02-23,chokepoint6,Strait of Hormuz,78,40,38,1737320,856058,881261
2025-02-24,chokepoint6,Strait of Hormuz,68,40,28,2314503,1777190,537312
2025-02-25,chokepoint6,Strait of Hormuz,64,39,25,2571769,1593506,978263
2025-02-26,chokepoint6,Strait of Hormuz,37,20,17,1085133,784662,300471
2025-02-27,chokepoint6,Strait of Hormuz,70,38,32,1124019,623847,500172
2025-02-28,chokepoint6,Strait of Hormuz,60,35,25,2622145,1082888,1539256
2025-03-01,chokepoint6,Strait of Hormuz,65,36,29,2363447,1523394,840053
2025-03-02,chokepoint6,Strait of Hormuz,60,34,26,2781023,2047318,733704
2025-03-03,chokepoint6,Strait of Hormuz,74,54,20,3828684,3240590,588094
2025-03-04,chokepoint6,Strait of Hormuz,74,39,35,2698249,1544028,1154221
2025-03-05,chokepoint6,Strait of Hormuz,71,40,31,2735751,1855781,879970
2025-03-06,chokepoint6,Strait of Hormuz,105,68,37,4049122,3273775,775347
2025-03-07,chokepoint6,Strait of Hormuz,82,56,26,2614493,1956564,657929
2025-03-08,chokepoint6,Strait of Hormuz,104,68,36,3691567,2759723,931843
2025-03-09,chokepoint6,Strait of Hormuz,63,36,27,2239097,1750104,488993
2025-03-10,chokepoint6,Strait of Hormuz,82,46,36,4326212,3440936,885275
2025-03-11,chokepoint6,Strait of Hormuz,74,37,37,3676423,2567557,1108866
2025-03-12,chokepoint6,Strait of Hormuz,94,55,39,3633758,2365327,1268430
2025-03-13,chokepoint6,Strait of Hormuz,79,44,35,2600664,1904997,695667
2025-03-14,chokepoint6,Strait of Hormuz,94,41,53,3711298,1654456,2056842
2025-03-15,chokepoint6,Strait of Hormuz,77,45,32,2373548,1660592,712956
2025-03-16,chokepoint6,Strait of Hormuz,109,62,47,4160208,2910303,1249904
2025-03-17,chokepoint6,Strait of Hormuz,76,35,41,2806213,1736797,1069416
2025-03-18,chokepoint6,Strait of Hormuz,83,46,37,3508262,2893943,614318
2025-03-19,chokepoint6,Strait of Hormuz,81,45,36,2656177,1497961,1158215
2025-03-20,chokepoint6,Strait of Hormuz,113,70,43,5091994,3637372,1454621
2025-03-21,chokepoint6,Strait of Hormuz,91,55,36,2747495,1966341,781153
2025-03-22,chokepoint6,Strait of Hormuz,85,53,32,3676275,2945525,730749
2025-03-23,chokepoint6,Strait of Hormuz,79,40,39,2931585,1730454,1201131
2025-03-24,chokepoint6,Strait of Hormuz,76,41,35,2790214,1634613,1155601
2025-03-25,chokepoint6,Strait of Hormuz,61,36,25,1415305,824950,590355
2025-03-26,chokepoint6,Strait of Hormuz,56,24,32,1601148,817854,783294
2025-03-27,chokepoint6,Strait of Hormuz,64,34,30,3776666,2670274,1106391
2025-03-28,chokepoint6,Strait of Hormuz,115,64,51,4168589,2716538,1452051
2025-03-29,chokepoint6,Strait of Hormuz,110,68,42,4090010,2944362,1145647
2025-03-30,chokepoint6,Strait of Hormuz,99,66,33,3242336,2403544,838791
2025-03-31,chokepoint6,Strait of Hormuz,101,54,47,3801096,2818174,982922
2025-04-01,chokepoint6,Strait of Hormuz,117,62,55,4328694,3025459,1303234
2025-04-02,chokepoint6,Strait of Hormuz,115,60,55,3410613,2544880,865732
2025-04-03,chokepoint6,Strait of Hormuz,127,80,47,5240998,3912819,1328178
2025-04-04,chokepoint6,Strait of Hormuz,105,60,45,5447477,4068086,1379390
2025-04-05,chokepoint6,Strait of Hormuz,112,58,54,3882714,2763260,1119453
2025-04-06,chokepoint6,Strait of Hormuz,104,58,46,4155664,2685482,1470181
2025-04-07,chokepoint6,Strait of Hormuz,96,54,42,3432265,2479881,952384
2025-04-08,chokepoint6,Strait of Hormuz,106,69,37,4252160,3350720,901439
2025-04-09,chokepoint6,Strait of Hormuz,112,59,53,3401990,2230641,1171349
2025-04-10,chokepoint6,Strait of Hormuz,99,55,44,4204356,3193992,1010363
2025-04-11,chokepoint6,Strait of Hormuz,109,59,50,3957026,2906187,1050839
2025-04-12,chokepoint6,Strait of Hormuz,100,50,50,4244929,3098466,1146462
2025-04-13,chokepoint6,Strait of Hormuz,96,58,38,3921283,3043148,878134
2025-04-14,chokepoint6,Strait of Hormuz,104,56,48,4393479,3444282,949197
2025-04-15,chokepoint6,Strait of Hormuz,124,72,52,3417676,2032587,1385089
2025-04-16,chokepoint6,Strait of Hormuz,101,60,41,4351758,3058780,1292978
2025-04-17,chokepoint6,Strait of Hormuz,58,31,27,2151848,971818,1180030
2025-04-18,chokepoint6,Strait of Hormuz,51,25,26,1557952,928919,629033
2025-04-19,chokepoint6,Strait of Hormuz,76,42,34,3104743,1875675,1229068
2025-04-20,chokepoint6,Strait of Hormuz,80,50,30,3859798,2808057,1051740
2025-04-21,chokepoint6,Strait of Hormuz,108,61,47,3810304,2787722,1022582
2025-04-22,chokepoint6,Strait of Hormuz,124,61,63,4021055,2459374,1561681
2025-04-23,chokepoint6,Strait of Hormuz,107,65,42,3659136,2625071,1034065
2025-04-24,chokepoint6,Strait of Hormuz,122,64,58,3343846,2068468,1275378
2025-04-25,chokepoint6,Strait of Hormuz,102,63,39,3852635,3138601,714034
2025-04-26,chokepoint6,Strait of Hormuz,110,67,43,4162666,3103280,1059386
2025-04-27,chokepoint6,Strait of Hormuz,93,59,34,3231783,2287353,944429
2025-04-28,chokepoint6,Strait of Hormuz,94,52,42,3953703,2791742,1161960
2025-04-29,chokepoint6,Strait of Hormuz,101,56,45,3626777,2404523,1222253
2025-04-30,chokepoint6,Strait of Hormuz,118,63,55,4570623,3166598,1404024
2025-05-01,chokepoint6,Strait of Hormuz,101,58,43,4681610,3396172,1285437
2025-05-02,chokepoint6,Strait of Hormuz,97,63,34,3142313,2234276,908036
2025-05-03,chokepoint6,Strait of Hormuz,97,52,45,3802000,2890700,911300
2025-05-04,chokepoint6,Strait of Hormuz,77,48,29,3596074,2884464,711610
2025-05-05,chokepoint6,Strait of Hormuz,110,66,44,4377006,3074045,1302961
2025-05-06,chokepoint6,Strait of Hormuz,105,54,51,3570651,2133741,1436910
2025-05-07,chokepoint6,Strait of Hormuz,64,30,34,2621482,1797624,823858
2025-05-08,chokepoint6,Strait of Hormuz,85,41,44,2226951,935400,1291550
2025-05-09,chokepoint6,Strait of Hormuz,101,58,43,2287330,1445163,842167
2025-05-10,chokepoint6,Strait of Hormuz,113,68,45,3817044,2596131,1220913
2025-05-11,chokepoint6,Strait of Hormuz,107,69,38,3890066,3072802,817264
2025-05-12,chokepoint6,Strait of Hormuz,112,68,44,4831120,3493837,1337282
2025-05-13,chokepoint6,Strait of Hormuz,99,54,45,3242513,2240828,1001685
2025-05-14,chokepoint6,Strait of Hormuz,115,66,49,3907143,2875400,1031742
2025-05-15,chokepoint6,Strait of Hormuz,105,61,44,4307806,2950498,1357308
2025-05-16,chokepoint6,Strait of Hormuz,98,49,49,3881906,2564139,1317767
2025-05-17,chokepoint6,Strait of Hormuz,105,56,49,3653166,2238507,1414659
2025-05-18,chokepoint6,Strait of Hormuz,115,71,44,4269856,3174032,1095823
2025-05-19,chokepoint6,Strait of Hormuz,114,64,50,4055872,3165537,890335
2025-05-20,chokepoint6,Strait of Hormuz,120,67,53,4464552,3318877,1145674
2025-05-21,chokepoint6,Strait of Hormuz,115,63,52,3861747,2723501,1138245
2025-05-22,chokepoint6,Strait of Hormuz,103,59,44,2735768,1756704,979063
2025-05-23,chokepoint6,Strait of Hormuz,119,68,51,4571462,3234111,1337350
2025-05-24,chokepoint6,Strait of Hormuz,100,51,49,3674494,2280069,1394424
2025-05-25,chokepoint6,Strait of Hormuz,106,53,53,3606583,2212664,1393919
2025-05-26,chokepoint6,Strait of Hormuz,117,54,63,5044915,3616130,1428784
2025-05-27,chokepoint6,Strait of Hormuz,97,53,44,3790793,2487890,1302903
2025-05-28,chokepoint6,Strait of Hormuz,82,44,38,3530127,2607278,922849
2025-05-29,chokepoint6,Strait of Hormuz,112,73,39,5240454,4045410,1195043
2025-05-30,chokepoint6,Strait of Hormuz,107,65,42,2807910,1867395,940515
2025-05-31,chokepoint6,Strait of Hormuz,94,51,43,3139400,2186634,952765
2025-06-01,chokepoint6,Strait of Hormuz,99,47,52,3557678,2207649,1350028
2025-06-02,chokepoint6,Strait of Hormuz,121,66,55,4636331,3473409,1162921
2025-06-03,chokepoint6,Strait of Hormuz,94,55,39,3523627,2218109,1305518
2025-06-04,chokepoint6,Strait of Hormuz,110,67,43,4462507,3461280,1001226
2025-06-05,chokepoint6,Strait of Hormuz,87,50,37,3982969,2634857,1348111
2025-06-06,chokepoint6,Strait of Hormuz,71,43,28,1708501,979768,728732
2025-06-07,chokepoint6,Strait of Hormuz,77,45,32,3407132,2596020,811111
2025-06-08,chokepoint6,Strait of Hormuz,107,61,46,4406782,3204347,1202435
2025-06-09,chokepoint6,Strait of Hormuz,133,69,64,5356359,3654936,1701422
2025-06-10,chokepoint6,Strait of Hormuz,117,60,57,3888059,2781090,1106968
2025-06-11,chokepoint6,Strait of Hormuz,99,50,49,3479971,2320057,1159914
2025-06-12,chokepoint6,Strait of Hormuz,98,63,35,4057224,3216294,840929
2025-06-13,chokepoint6,Strait of Hormuz,113,66,47,3803022,2725831,1077190
2025-06-14,chokepoint6,Strait of Hormuz,102,53,49,3638888,2061273,1577615
2025-06-15,chokepoint6,Strait of Hormuz,102,63,39,4489258,3481253,1008004
2025-06-16,chokepoint6,Strait of Hormuz,112,58,54,4255172,3132243,1122928
2025-06-17,chokepoint6,Strait of Hormuz,85,49,36,3870210,2591660,1278550
2025-06-18,chokepoint6,Strait of Hormuz,124,71,53,3673406,2654939,1018466
2025-06-19,chokepoint6,Strait of Hormuz,101,53,48,4354676,3425533,929142
2025-06-20,chokepoint6,Strait of Hormuz,88,49,39,3157368,2078094,1079274
2025-06-21,chokepoint6,Strait of Hormuz,118,68,50,3705347,2294139,1411208
2025-06-22,chokepoint6,Strait of Hormuz,96,60,36,4178605,3226492,952113
2025-06-23,chokepoint6,Strait of Hormuz,87,39,48,3033554,1936442,1097111
2025-06-24,chokepoint6,Strait of Hormuz,108,65,43,3675161,2757877,917283
2025-06-25,chokepoint6,Strait of Hormuz,104,68,36,3850337,3130021,720315
2025-06-26,chokepoint6,Strait of Hormuz,99,55,44,4222912,3072869,1150042
2025-06-27,chokepoint6,Strait of Hormuz,116,70,46,3499058,2452105,1046953
2025-06-28,chokepoint6,Strait of Hormuz,104,58,46,4248286,3215116,1033170
2025-06-29,chokepoint6,Strait of Hormuz,102,55,47,3538039,2473998,1064041
2025-06-30,chokepoint6,Strait of Hormuz,93,49,44,3337974,2427179,910794
2025-07-01,chokepoint6,Strait of Hormuz,85,44,41,2590824,1658116,932708
2025-07-02,chokepoint6,Strait of Hormuz,93,54,39,3379303,2182855,1196448
2025-07-03,chokepoint6,Strait of Hormuz,83,48,35,3096953,2194170,902782
2025-07-04,chokepoint6,Strait of Hormuz,96,58,38,3883340,2799793,1083547
2025-07-05,chokepoint6,Strait of Hormuz,98,62,36,2965941,2106511,859430
2025-07-06,chokepoint6,Strait of Hormuz,76,45,31,2349972,1374650,975322
2025-07-07,chokepoint6,Strait of Hormuz,70,31,39,2843158,2078031,765127
2025-07-08,chokepoint6,Strait of Hormuz,77,42,35,2274226,1359103,915122
2025-07-09,chokepoint6,Strait of Hormuz,91,60,31,4333939,3514007,819931
2025-07-10,chokepoint6,Strait of Hormuz,111,62,49,4401946,3068082,1333863
2025-07-11,chokepoint6,Strait of Hormuz,85,55,30,4279989,3344799,935189
2025-07-12,chokepoint6,Strait of Hormuz,106,62,44,4749611,3912441,837169
2025-07-13,chokepoint6,Strait of Hormuz,95,53,42,3196559,2124256,1072303
2025-07-14,chokepoint6,Strait of Hormuz,116,69,47,3948693,2691895,1256798
2025-07-15,chokepoint6,Strait of Hormuz,109,53,56,4523300,3182087,1341213
2025-07-16,chokepoint6,Strait of Hormuz,111,67,44,4413860,3082708,1331152
2025-07-17,chokepoint6,Strait of Hormuz,116,61,55,4814267,3498766,1315501
2025-07-18,chokepoint6,Strait of Hormuz,81,42,39,3142360,2239938,902421
2025-07-19,chokepoint6,Strait of Hormuz,86,52,34,3174166,2304512,869653
2025-07-20,chokepoint6,Strait of Hormuz,112,64,48,4329749,2986319,1343429
2025-07-21,chokepoint6,Strait of Hormuz,88,47,41,4062426,3056542,1005883
2025-07-22,chokepoint6,Strait of Hormuz,96,44,52,3309647,2079937,1229710
2025-07-23,chokepoint6,Strait of Hormuz,100,60,40,3222202,2499493,722709
2025-07-24,chokepoint6,Strait of Hormuz,88,47,41,3391946,2124879,1267066
2025-07-25,chokepoint6,Strait of Hormuz,82,48,34,3213941,2478169,735771
2025-07-26,chokepoint6,Strait of Hormuz,93,63,30,3627455,2833815,793640
2025-07-27,chokepoint6,Strait of Hormuz,102,59,43,4203963,3299079,904884
2025-07-28,chokepoint6,Strait of Hormuz,96,55,41,2877592,2051368,826223
2025-07-29,chokepoint6,Strait of Hormuz,98,54,44,3572585,2517124,1055460
2025-07-30,chokepoint6,Strait of Hormuz,110,65,45,4936062,3597243,1338819
2025-07-31,chokepoint6,Strait of Hormuz,102,55,47,3088972,2103165,985806
2025-08-01,chokepoint6,Strait of Hormuz,75,52,23,2601694,1754952,846741
2025-08-02,chokepoint6,Strait of Hormuz,103,60,43,4778825,3713856,1064969
2025-08-03,chokepoint6,Strait of Hormuz,80,43,37,3434668,2459241,975426
2025-08-04,chokepoint6,Strait of Hormuz,72,39,33,2546290,1525727,1020563
2025-08-05,chokepoint6,Strait of Hormuz,105,54,51,4512049,3419438,1092611
2025-08-06,chokepoint6,Strait of Hormuz,72,33,39,2611435,1483852,1127583
2025-08-07,chokepoint6,Strait of Hormuz,70,39,31,2991192,2293325,697866
2025-08-08,chokepoint6,Strait of Hormuz,75,43,32,2281609,1629400,652209
2025-08-09,chokepoint6,Strait of Hormuz,71,42,29,3073615,2350268,723346
2025-08-10,chokepoint6,Strait of Hormuz,98,57,41,3791292,2779055,1012236
2025-08-11,chokepoint6,Strait of Hormuz,101,59,42,3608588,2686975,921612
2025-08-12,chokepoint6,Strait of Hormuz,127,68,59,4292322,2725047,1567274
2025-08-13,chokepoint6,Strait of Hormuz,120,71,49,4040652,2511282,1529370
2025-08-14,chokepoint6,Strait of Hormuz,103,57,46,3791593,2743608,1047984
2025-08-15,chokepoint6,Strait of Hormuz,75,49,26,2552729,1917237,635491
2025-08-16,chokepoint6,Strait of Hormuz,82,45,37,3493655,1925877,1567778
2025-08-17,chokepoint6,Strait of Hormuz,127,74,53,5119655,4001781,1117873
2025-08-18,chokepoint6,Strait of Hormuz,94,49,45,3365287,2055719,1309567
2025-08-19,chokepoint6,Strait of Hormuz,106,53,53,5453458,3953849,1499608
2025-08-20,chokepoint6,Strait of Hormuz,86,49,37,3696907,2942038,754868
2025-08-21,chokepoint6,Strait of Hormuz,81,48,33,3631576,2451059,1180516
2025-08-22,chokepoint6,Strait of Hormuz,115,73,42,3891785,3049896,841888
2025-08-23,chokepoint6,Strait of Hormuz,87,52,35,3138347,2162407,975939
2025-08-24,chokepoint6,Strait of Hormuz,104,56,48,4266823,3069295,1197528
2025-08-25,chokepoint6,Strait of Hormuz,90,49,41,3081808,2260610,821198
2025-08-26,chokepoint6,Strait of Hormuz,82,39,43,2709157,1976976,732181
2025-08-27,chokepoint6,Strait of Hormuz,90,45,45,3591188,2630494,960693
2025-08-28,chokepoint6,Strait of Hormuz,108,64,44,3242102,2418119,823982
2025-08-29,chokepoint6,Strait of Hormuz,101,51,50,3580056,2275780,1304275
2025-08-30,chokepoint6,Strait of Hormuz,121,74,47,5570397,4309715,1260681
2025-08-31,chokepoint6,Strait of Hormuz,109,60,49,3339679,2584331,755348
2025-09-01,chokepoint6,Strait of Hormuz,114,69,45,3981741,2868315,1113425
2025-09-02,chokepoint6,Strait of Hormuz,81,45,36,2710254,1688845,1021408
2025-09-03,chokepoint6,Strait of Hormuz,86,39,47,3180895,2091423,1089472
2025-09-04,chokepoint6,Strait of Hormuz,61,39,22,1927643,1456304,471338
2025-09-05,chokepoint6,Strait of Hormuz,121,75,46,4838728,3599143,1239584
2025-09-06,chokepoint6,Strait of Hormuz,104,64,40,3809733,2742870,1066863
2025-09-07,chokepoint6,Strait of Hormuz,101,55,46,4803269,3010705,1792563
2025-09-08,chokepoint6,Strait of Hormuz,99,58,41,3943058,2653045,1290013
2025-09-09,chokepoint6,Strait of Hormuz,85,43,42,3095470,1668185,1427284
2025-09-10,chokepoint6,Strait of Hormuz,86,44,42,2938848,2267581,671266
2025-09-11,chokepoint6,Strait of Hormuz,69,33,36,2479423,1620037,859386
2025-09-12,chokepoint6,Strait of Hormuz,61,41,20,1766235,1201950,564284
2025-09-13,chokepoint6,Strait of Hormuz,61,32,29,2541421,1480424,1060997
2025-09-14,chokepoint6,Strait of Hormuz,64,39,25,1987819,1363264,624554
2025-09-15,chokepoint6,Strait of Hormuz,76,34,42,1820987,1085154,735833
2025-09-16,chokepoint6,Strait of Hormuz,99,62,37,3485398,2354138,1131259
2025-09-17,chokepoint6,Strait of Hormuz,107,55,52,3133846,2286099,847747
2025-09-18,chokepoint6,Strait of Hormuz,115,66,49,4250885,2928645,1322240
2025-09-19,chokepoint6,Strait of Hormuz,77,37,40,3303319,2171937,1131381
2025-09-20,chokepoint6,Strait of Hormuz,64,46,18,2384164,1777491,606672
2025-09-21,chokepoint6,Strait of Hormuz,73,51,22,2159952,1632000,527952
2025-09-22,chokepoint6,Strait of Hormuz,63,37,26,1961959,1496639,465320
2025-09-23,chokepoint6,Strait of Hormuz,88,53,35,3673182,2720643,952538
2025-09-24,chokepoint6,Strait of Hormuz,90,52,38,3138412,2236283,902128
2025-09-25,chokepoint6,Strait of Hormuz,62,26,36,2610617,1745296,865320
2025-09-26,chokepoint6,Strait of Hormuz,76,38,38,2094117,889704,1204413
2025-09-27,chokepoint6,Strait of Hormuz,102,60,42,4126879,3006967,1119911
2025-09-28,chokepoint6,Strait of Hormuz,124,76,48,5198166,3732513,1465653
2025-09-29,chokepoint6,Strait of Hormuz,129,70,59,4259656,2652585,1607071
2025-09-30,chokepoint6,Strait of Hormuz,100,56,44,3284740,2097595,1187145
2025-10-01,chokepoint6,Strait of Hormuz,116,72,44,4190857,3296811,894045
2025-10-02,chokepoint6,Strait of Hormuz,94,56,38,5125971,4213415,912555
2025-10-03,chokepoint6,Strait of Hormuz,101,55,46,4217949,2985012,1232937
2025-10-04,chokepoint6,Strait of Hormuz,118,73,45,2804847,1767642,1037205
2025-10-05,chokepoint6,Strait of Hormuz,121,72,49,4557078,3521158,1035919
2025-10-06,chokepoint6,Strait of Hormuz,89,44,45,3741189,2090605,1650583
2025-10-07,chokepoint6,Strait of Hormuz,101,56,45,3511635,2677093,834542
2025-10-08,chokepoint6,Strait of Hormuz,55,26,29,1648055,1037540,610515
2025-10-09,chokepoint6,Strait of Hormuz,56,30,26,2155703,1496030,659672
2025-10-10,chokepoint6,Strait of Hormuz,69,31,38,1848378,979332,869046
2025-10-11,chokepoint6,Strait of Hormuz,69,39,30,2481336,1820603,660732
2025-10-12,chokepoint6,Strait of Hormuz,55,23,32,2037181,890370,1146810
2025-10-13,chokepoint6,Strait of Hormuz,71,38,33,2639433,1636984,1002449
2025-10-14,chokepoint6,Strait of Hormuz,120,63,57,6268750,4567780,1700969
2025-10-15,chokepoint6,Strait of Hormuz,62,38,24,2026327,1592552,433774
2025-10-16,chokepoint6,Strait of Hormuz,51,28,23,2119801,1206092,913708
2025-10-17,chokepoint6,Strait of Hormuz,58,24,34,2289152,1208079,1081072
2025-10-18,chokepoint6,Strait of Hormuz,72,43,29,2797815,1747594,1050221
2025-10-19,chokepoint6,Strait of Hormuz,82,47,35,3438270,2057561,1380708
2025-10-20,chokepoint6,Strait of Hormuz,82,48,34,3004065,1795983,1208081
2025-10-21,chokepoint6,Strait of Hormuz,103,53,50,3501341,2285006,1216334
2025-10-22,chokepoint6,Strait of Hormuz,116,65,51,4589674,3684915,904758
2025-10-23,chokepoint6,Strait of Hormuz,109,58,51,4201243,2955595,1245647
2025-10-24,chokepoint6,Strait of Hormuz,104,63,41,3810703,2242037,1568665
2025-10-25,chokepoint6,Strait of Hormuz,101,61,40,4862822,3609411,1253410
2025-10-26,chokepoint6,Strait of Hormuz,99,59,40,4274201,3305933,968267
2025-10-27,chokepoint6,Strait of Hormuz,106,57,49,3628192,2798994,829197
2025-10-28,chokepoint6,Strait of Hormuz,103,52,51,3316791,1912261,1404529
2025-10-29,chokepoint6,Strait of Hormuz,114,70,44,3921704,2918046,1003657
2025-10-30,chokepoint6,Strait of Hormuz,95,48,47,3826916,2635302,1191613
2025-10-31,chokepoint6,Strait of Hormuz,80,42,38,4365246,3436232,929013
2025-11-01,chokepoint6,Strait of Hormuz,74,47,27,2553874,1808993,744881
2025-11-02,chokepoint6,Strait of Hormuz,60,35,25,2549551,1878385,671166
2025-11-03,chokepoint6,Strait of Hormuz,51,25,26,1303075,680417,622658
2025-11-04,chokepoint6,Strait of Hormuz,74,50,24,1680727,987633,693093
2025-11-05,chokepoint6,Strait of Hormuz,78,47,31,3652477,2980784,671693
2025-11-06,chokepoint6,Strait of Hormuz,69,39,30,2673165,2011944,661221
2025-11-07,chokepoint6,Strait of Hormuz,77,36,41,2937349,2024502,912846
2025-11-08,chokepoint6,Strait of Hormuz,107,63,44,4229678,3348133,881545
2025-11-09,chokepoint6,Strait of Hormuz,71,45,26,3163747,2533855,629891
2025-11-10,chokepoint6,Strait of Hormuz,67,41,26,3080936,2050581,1030354
2025-11-11,chokepoint6,Strait of Hormuz,100,60,40,3842763,3049537,793226
2025-11-12,chokepoint6,Strait of Hormuz,70,41,29,2607578,2040948,566629
2025-11-13,chokepoint6,Strait of Hormuz,100,51,49,3533633,1940299,1593333
2025-11-14,chokepoint6,Strait of Hormuz,83,47,36,3926081,3239720,686360
2025-11-15,chokepoint6,Strait of Hormuz,69,38,31,3270241,2322682,947558
2025-11-16,chokepoint6,Strait of Hormuz,70,33,37,2610839,1322659,1288179
2025-11-17,chokepoint6,Strait of Hormuz,60,33,27,2160568,1314019,846549
2025-11-18,chokepoint6,Strait of Hormuz,72,41,31,2558404,1609802,948601
2025-11-19,chokepoint6,Strait of Hormuz,64,38,26,2699564,1997768,701795
2025-11-20,chokepoint6,Strait of Hormuz,67,43,24,2793698,2064640,729058
2025-11-21,chokepoint6,Strait of Hormuz,49,32,17,2091681,1584138,507543
2025-11-22,chokepoint6,Strait of Hormuz,51,30,21,1264153,962561,301591
2025-11-23,chokepoint6,Strait of Hormuz,61,27,34,1354677,776010,578667
2025-11-24,chokepoint6,Strait of Hormuz,46,23,23,1638191,939319,698871
2025-11-25,chokepoint6,Strait of Hormuz,67,36,31,2433647,1565770,867876
2025-11-26,chokepoint6,Strait of Hormuz,51,32,19,1609519,1174915,434604
2025-11-27,chokepoint6,Strait of Hormuz,49,29,20,2611752,2042975,568776
2025-11-28,chokepoint6,Strait of Hormuz,50,26,24,1826655,1185354,641300
2025-11-29,chokepoint6,Strait of Hormuz,57,29,28,1413716,823763,589952
2025-11-30,chokepoint6,Strait of Hormuz,57,35,22,2880714,2472791,407922
2025-12-01,chokepoint6,Strait of Hormuz,65,35,30,3946406,3025778,920628
2025-12-02,chokepoint6,Strait of Hormuz,59,30,29,1933339,1234964,698374
2025-12-03,chokepoint6,Strait of Hormuz,51,26,25,2422386,1516768,905617
2025-12-04,chokepoint6,Strait of Hormuz,45,30,15,2400695,1715620,685075
2025-12-05,chokepoint6,Strait of Hormuz,44,26,18,1585789,1204017,381771
2025-12-06,chokepoint6,Strait of Hormuz,68,39,29,2017076,1323388,693688
2025-12-07,chokepoint6,Strait of Hormuz,64,40,24,2876026,2225547,650479
2025-12-08,chokepoint6,Strait of Hormuz,59,27,32,2187229,1135754,1051475
2025-12-09,chokepoint6,Strait of Hormuz,82,46,36,2792137,1806733,985404
2025-12-10,chokepoint6,Strait of Hormuz,52,31,21,1826983,1006238,820745
2025-12-11,chokepoint6,Strait of Hormuz,50,30,20,2291678,1964902,326775
2025-12-12,chokepoint6,Strait of Hormuz,41,22,19,1729166,1184935,544231
2025-12-13,chokepoint6,Strait of Hormuz,46,26,20,1755425,1256662,498762
2025-12-14,chokepoint6,Strait of Hormuz,49,36,13,2760730,2455638,305091
2025-12-15,chokepoint6,Strait of Hormuz,47,18,29,2132683,1304890,827792
2025-12-16,chokepoint6,Strait of Hormuz,55,31,24,2870631,1891843,978787
2025-12-17,chokepoint6,Strait of Hormuz,50,32,18,1429475,862506,566969
2025-12-18,chokepoint6,Strait of Hormuz,55,33,22,2640513,1963432,677080
2025-12-19,chokepoint6,Strait of Hormuz,31,17,14,1341392,828897,512495
2025-12-20,chokepoint6,Strait of Hormuz,48,20,28,2038706,1143589,895117
2025-12-21,chokepoint6,Strait of Hormuz,54,29,25,1857869,719285,1138584
2025-12-22,chokepoint6,Strait of Hormuz,46,26,20,1375593,858100,517493
2025-12-23,chokepoint6,Strait of Hormuz,58,26,32,3012110,1994683,1017426
2025-12-24,chokepoint6,Strait of Hormuz,65,29,36,2117952,929216,1188735
2025-12-25,chokepoint6,Strait of Hormuz,68,32,36,2404701,1167192,1237508
2025-12-26,chokepoint6,Strait of Hormuz,62,36,26,3178834,2507207,671626
2025-12-27,chokepoint6,Strait of Hormuz,66,39,27,2669762,1867382,802379
2025-12-28,chokepoint6,Strait of Hormuz,55,24,31,2183289,1632034,551254
2025-12-29,chokepoint6,Strait of Hormuz,50,26,24,1462025,643850,818174
2025-12-30,chokepoint6,Strait of Hormuz,66,35,31,2531272,1680707,850565
2025-12-31,chokepoint6,Strait of Hormuz,71,46,25,1799417,1449369,350048
2026-01-01,chokepoint6,Strait of Hormuz,64,29,35,2664408,1713442,950965
2026-01-02,chokepoint6,Strait of Hormuz,51,23,28,2065317,1162313,903004
2026-01-03,chokepoint6,Strait of Hormuz,59,34,25,2839469,1748158,1091311
2026-01-04,chokepoint6,Strait of Hormuz,49,26,23,2143949,1127400,1016548
2026-01-05,chokepoint6,Strait of Hormuz,61,30,31,2711045,1948403,762641
2026-01-06,chokepoint6,Strait of Hormuz,61,31,30,1024199,379967,644232
2026-01-07,chokepoint6,Strait of Hormuz,66,37,29,2122045,1536799,585245
2026-01-08,chokepoint6,Strait of Hormuz,62,37,25,3008400,2085390,923010
2026-01-09,chokepoint6,Strait of Hormuz,74,40,34,3727608,2991391,736216
2026-01-10,chokepoint6,Strait of Hormuz,63,34,29,1777076,1184808,592268
2026-01-11,chokepoint6,Strait of Hormuz,64,31,33,2698117,1935469,762647
2026-01-12,chokepoint6,Strait of Hormuz,52,34,18,2028340,1663154,365186
2026-01-13,chokepoint6,Strait of Hormuz,53,26,27,1329359,641841,687518
2026-01-14,chokepoint6,Strait of Hormuz,61,34,27,1828588,1260279,568309
2026-01-15,chokepoint6,Strait of Hormuz,62,35,27,2717989,1845107,872881
2026-01-16,chokepoint6,Strait of Hormuz,53,29,24,1803234,1066232,737001
2026-01-17,chokepoint6,Strait of Hormuz,38,23,15,1445923,901828,544094
2026-01-18,chokepoint6,Strait of Hormuz,54,20,34,2205633,1302150,903482
2026-01-19,chokepoint6,Strait of Hormuz,58,29,29,2329720,924715,1405004
2026-01-20,chokepoint6,Strait of Hormuz,58,33,25,2084853,1253055,831797
2026-01-21,chokepoint6,Strait of Hormuz,56,29,27,2817276,2051286,765990
2026-01-22,chokepoint6,Strait of Hormuz,64,38,26,2283905,1411533,872372
2026-01-23,chokepoint6,Strait of Hormuz,48,24,24,1816685,1230089,586596
2026-01-24,chokepoint6,Strait of Hormuz,46,21,25,1375843,878943,496899
2026-01-25,chokepoint6,Strait of Hormuz,64,41,23,3131426,2629818,501607
2026-01-26,chokepoint6,Strait of Hormuz,43,19,24,1789952,1238981,550971
2026-01-27,chokepoint6,Strait of Hormuz,61,30,31,1723064,1253238,469825
2026-01-28,chokepoint6,Strait of Hormuz,54,28,26,1713078,1214507,498571
2026-01-29,chokepoint6,Strait of Hormuz,72,41,31,2316681,1593036,723645
2026-01-30,chokepoint6,Strait of Hormuz,71,39,32,2475446,1648687,826758
2026-01-31,chokepoint6,Strait of Hormuz,70,40,30,3011406,1652157,1359248
2026-02-01,chokepoint6,Strait of Hormuz,49,19,30,1646216,1035130,611086
2026-02-02,chokepoint6,Strait of Hormuz,67,41,26,3449459,2714863,734596
2026-02-03,chokepoint6,Strait of Hormuz,66,33,33,2028119,1211012,817107
2026-02-04,chokepoint6,Strait of Hormuz,43,20,23,1481118,986199,494918
2026-02-05,chokepoint6,Strait of Hormuz,71,36,35,2679244,1814047,865196
2026-02-06,chokepoint6,Strait of Hormuz,60,34,26,1694325,1050896,643428
2026-02-07,chokepoint6,Strait of Hormuz,60,40,20,2748142,2323504,424638
2026-02-08,chokepoint6,Strait of Hormuz,58,32,26,1605017,1066129,538887
2026-02-09,chokepoint6,Strait of Hormuz,53,33,20,1763162,999250,763911
2026-02-10,chokepoint6,Strait of Hormuz,65,39,26,3290551,2479703,810848
2026-02-11,chokepoint6,Strait of Hormuz,81,49,32,2028460,1444919,583541
2026-02-12,chokepoint6,Strait of Hormuz,68,32,36,2682780,1916098,766682
2026-02-13,chokepoint6,Strait of Hormuz,103,54,49,3755606,2415490,1340115
2026-02-14,chokepoint6,Strait of Hormuz,91,53,38,3605080,2559173,1045907
2026-02-15,chokepoint6,Strait of Hormuz,74,42,32,2608269,1436990,1171279
2026-02-16,chokepoint6,Strait of Hormuz,54,35,19,2274188,1965358,308830
2026-02-17,chokepoint6,Strait of Hormuz,75,40,35,2900635,1902017,998617
2026-02-18,chokepoint6,Strait of Hormuz,109,54,55,4341719,2925472,1416246
2026-02-19,chokepoint6,Strait of Hormuz,115,63,52,5208398,3441832,1766565
2026-02-20,chokepoint6,Strait of Hormuz,94,55,39,3974738,2985825,988912
2026-02-21,chokepoint6,Strait of Hormuz,86,53,33,2432463,1816744,615718
2026-02-22,chokepoint6,Strait of Hormuz,127,69,58,5235136,3572104,1663032
2026-02-23,chokepoint6,Strait of Hormuz,104,65,39,2632999,1956111,676888
2026-02-24,chokepoint6,Strait of Hormuz,93,49,44,3251647,1756199,1495447
2026-02-25,chokepoint6,Strait of Hormuz,116,59,57,5597047,4168541,1428505
2026-02-26,chokepoint6,Strait of Hormuz,89,45,44,1844542,909158,935383
2026-02-27,chokepoint6,Strait of Hormuz,64,37,27,1863357,1196784,666573
2026-02-28,chokepoint6,Strait of Hormuz,57,36,21,2946748,2598963,347784
2026-03-01,chokepoint6,Strait of Hormuz,20,5,15,494931,153007,341924
2026-03-02,chokepoint6,Strait of Hormuz,4,1,3,61822,0,61822
2026-03-03,chokepoint6,Strait of Hormuz,4,1,3,103665,6701,96964
2026-03-04,chokepoint6,Strait of Hormuz,0,0,0,0,0,0
2026-03-05,chokepoint6,Strait of Hormuz,3,1,2,24031,0,24031
2026-03-06,chokepoint6,Strait of Hormuz,2,0,2,143,0,143
2026-03-07,chokepoint6,Strait of Hormuz,3,1,2,102414,0,102414
2026-03-08,chokepoint6,Strait of Hormuz,2,0,2,51168,0,51168
2026-03-09,chokepoint6,Strait of Hormuz,2,1,1,1599,0,1599
2026-03-10,chokepoint6,Strait of Hormuz,2,1,1,42122,42122,0
2026-03-11,chokepoint6,Strait of Hormuz,2,0,2,123362,0,123362
2026-03-12,chokepoint6,Strait of Hormuz,1,0,1,0,0,0
2026-03-13,chokepoint6,Strait of Hormuz,0,0,0,0,0,0
2026-03-14,chokepoint6,Strait of Hormuz,1,0,1,0,0,0
2026-03-15,chokepoint6,Strait of Hormuz,7,2,5,363277,339183,24093
2026-03-16,chokepoint6,Strait of Hormuz,4,0,4,0,0,0
2026-03-17,chokepoint6,Strait of Hormuz,1,1,0,47804,47804,0
2026-03-18,chokepoint6,Strait of Hormuz,0,0,0,0,0,0
2026-03-19,chokepoint6,Strait of Hormuz,0,0,0,0,0,0
2026-03-20,chokepoint6,Strait of Hormuz,3,2,1,193637,118692,74945
2026-03-21,chokepoint6,Strait of Hormuz,0,0,0,0,0,0
2026-03-22,chokepoint6,Strait of Hormuz,2,0,2,31388,0,31388
2026-03-23,chokepoint6,Strait of Hormuz,4,2,2,137492,48834,88658
2026-03-24,chokepoint6,Strait of Hormuz,2,1,1,12988,0,12988
2026-03-25,chokepoint6,Strait of Hormuz,2,2,0,3212,3212,0
2026-03-26,chokepoint6,Strait of Hormuz,4,0,4,73148,0,73148
2026-03-27,chokepoint6,Strait of Hormuz,2,0,2,68784,0,68784
2026-03-28,chokepoint6,Strait of Hormuz,6,1,5,97272,0,97272
2026-03-29,chokepoint6,Strait of Hormuz,5,2,3,124948,5464,119484
2026-03-30,chokepoint6,Strait of Hormuz,6,3,3,109762,0,109762
2026-03-31,chokepoint6,Strait of Hormuz,5,2,3,84095,70842,13252
2026-04-01,chokepoint6,Strait of Hormuz,7,1,6,87033,4062,82971
2026-04-02,chokepoint6,Strait of Hormuz,1,0,1,40276,0,40276
2026-04-03,chokepoint6,Strait of Hormuz,3,2,1,147579,97195,50383
2026-04-04,chokepoint6,Strait of Hormuz,11,3,8,134722,38238,96483
2026-04-05,chokepoint6,Strait of Hormuz,4,4,0,264106,264106,0
2026-04-06,chokepoint6,Strait of Hormuz,5,0,5,107315,0,107315
2026-04-07,chokepoint6,Strait of Hormuz,3,2,1,113878,69890,43988
2026-04-08,chokepoint6,Strait of Hormuz,3,0,3,35363,0,35363
2026-04-09,chokepoint6,Strait of Hormuz,8,5,3,217203,164591,52612
2026-04-10,chokepoint6,Strait of Hormuz,3,0,3,0,0,0
2026-04-11,chokepoint6,Strait of Hormuz,7,3,4,402443,287665,114777
2026-04-12,chokepoint6,Strait of Hormuz,12,3,9,208464,33937,174526
2026-04-13,chokepoint6,Strait of Hormuz,7,4,3,106407,34634,71772
2026-04-14,chokepoint6,Strait of Hormuz,5,3,2,114192,30952,83239
2026-04-15,chokepoint6,Strait of Hormuz,7,4,3,344547,6839,337708
2026-04-16,chokepoint6,Strait of Hormuz,3,1,2,79186,75745,3441
2026-04-17,chokepoint6,Strait of Hormuz,8,3,5,5366,5366,0
2026-04-18,chokepoint6,Strait of Hormuz,20,12,8,827847,516261,311586
2026-04-19,chokepoint6,Strait of Hormuz,2,1,1,11633,6839,4793
2026-04-20,chokepoint6,Strait of Hormuz,3,2,1,56282,36579,19702
2026-04-21,chokepoint6,Strait of Hormuz,4,3,1,76063,75113,950
2026-04-22,chokepoint6,Strait of Hormuz,5,2,3,120039,0,120039
2026-04-23,chokepoint6,Strait of Hormuz,3,0,3,33377,0,33377
2026-04-24,chokepoint6,Strait of Hormuz,6,2,4,72566,33283,39282
2026-04-25,chokepoint6,Strait of Hormuz,4,2,2,107546,53759,53786
2026-04-26,chokepoint6,Strait of Hormuz,3,1,2,37503,0,37503
2026-04-27,chokepoint6,Strait of Hormuz,7,2,5,82042,30787,51255
2026-04-28,chokepoint6,Strait of Hormuz,10,3,7,452697,323392,129304
2026-04-29,chokepoint6,Strait of Hormuz,39,23,16,804846,136489,668357
2026-04-30,chokepoint6,Strait of Hormuz,11,4,7,175020,64253,110767
2026-05-01,chokepoint6,Strait of Hormuz,7,2,5,70976,36640,34335
2026-05-02,chokepoint6,Strait of Hormuz,6,4,2,93041,93041,0
2026-05-03,chokepoint6,Strait of Hormuz,6,1,5,127798,0,127798
2026-05-04,chokepoint6,Strait of Hormuz,2,0,2,12784,0,12784
2026-05-05,chokepoint6,Strait of Hormuz,0,0,0,0,0,0
2026-05-06,chokepoint6,Strait of Hormuz,0,0,0,0,0,0
2026-05-07,chokepoint6,Strait of Hormuz,0,0,0,0,0,0
2026-05-08,chokepoint6,Strait of Hormuz,0,0,0,0,0,0
2026-05-09,chokepoint6,Strait of Hormuz,1,1,0,98525,98525,0
2026-05-10,chokepoint6,Strait of Hormuz,7,2,5,457574,319376,138197
2026-05-11,chokepoint6,Strait of Hormuz,7,4,3,114837,88456,26381
2026-05-12,chokepoint6,Strait of Hormuz,3,1,2,344,0,344
2026-05-13,chokepoint6,Strait of Hormuz,4,2,2,350554,349804,749
2026-05-14,chokepoint6,Strait of Hormuz,10,3,7,65186,42976,22209
2026-05-15,chokepoint6,Strait of Hormuz,4,2,2,6679,5341,1337
2026-05-16,chokepoint6,Strait of Hormuz,7,1,6,178812,36579,142233
2026-05-17,chokepoint6,Strait of Hormuz,3,1,2,10961,0,10961
2026-05-18,chokepoint6,Strait of Hormuz,4,1,3,16651,13968,2683
2026-05-19,chokepoint6,Strait of Hormuz,4,3,1,609497,570517,38979
2026-05-20,chokepoint6,Strait of Hormuz,8,4,4,418971,290295,128675
2026-05-21,chokepoint6,Strait of Hormuz,5,2,3,74078,42682,31395
2026-05-22,chokepoint6,Strait of Hormuz,2,0,2,0,0,0
2026-05-23,chokepoint6,Strait of Hormuz,6,1,5,312575,284471,28103
2026-05-24,chokepoint6,Strait of Hormuz,5,2,3,87734,6839,80894
2026-05-25,chokepoint6,Strait of Hormuz,4,0,4,86752,0,86752
2026-05-26,chokepoint6,Strait of Hormuz,4,2,2,0,0,0
2026-05-27,chokepoint6,Strait of Hormuz,1,1,0,106096,106096,0
2026-05-28,chokepoint6,Strait of Hormuz,2,0,2,65232,0,65232
2026-05-29,chokepoint6,Strait of Hormuz,1,0,1,6056,0,6056
2026-05-30,chokepoint6,Strait of Hormuz,4,0,4,52574,0,52574
2026-05-31,chokepoint6,Strait of Hormuz,5,0,5,48820,0,48820
2026-06-01,chokepoint6,Strait of Hormuz,2,1,1,90292,38238,52053
2026-06-02,chokepoint6,Strait of Hormuz,11,3,8,96510,33268,63241
2026-06-03,chokepoint6,Strait of Hormuz,9,3,6,115719,12593,103125
2026-06-04,chokepoint6,Strait of Hormuz,3,1,2,1047,0,1047
2026-06-05,chokepoint6,Strait of Hormuz,2,0,2,0,0,0
2026-06-06,chokepoint6,Strait of Hormuz,2,0,2,93370,0,93370
2026-06-07,chokepoint6,Strait of Hormuz,2,0,2,366,0,366
2026-06-08,chokepoint6,Strait of Hormuz,7,1,6,61448,6794,54653
2026-06-09,chokepoint6,Strait of Hormuz,4,2,2,110820,48671,62149
2026-06-10,chokepoint6,Strait of Hormuz,3,0,3,13825,0,13825
2026-06-11,chokepoint6,Strait of Hormuz,2,2,0,11142,11142,0
2026-06-12,chokepoint6,Strait of Hormuz,1,1,0,11375,11375,0
2026-06-13,chokepoint6,Strait of Hormuz,0,0,0,0,0,0
2026-06-14,chokepoint6,Strait of Hormuz,0,0,0,0,0,0
2026-06-15,chokepoint6,Strait of Hormuz,7,2,5,86520,0,86520
2026-06-16,chokepoint6,Strait of Hormuz,10,3,7,38841,35583,3257
2026-06-17,chokepoint6,Strait of Hormuz,8,0,8,135479,0,135479
2026-06-18,chokepoint6,Strait of Hormuz,20,10,10,824115,459872,364243
2026-06-19,chokepoint6,Strait of Hormuz,9,3,6,729047,600658,128388
2026-06-20,chokepoint6,Strait of Hormuz,25,12,13,856885,543037,313848
2026-06-21,chokepoint6,Strait of Hormuz,6,1,5,161589,65755,95834
2026-06-22,chokepoint6,Strait of Hormuz,16,12,4,505171,394079,111092
2026-06-23,chokepoint6,Strait of Hormuz,29,12,17,1372629,953326,419302
2026-06-24,chokepoint6,Strait of Hormuz,51,20,31,1964318,1261562,702756
2026-06-25,chokepoint6,Strait of Hormuz,46,21,25,1866357,1383947,482410
2026-06-26,chokepoint6,Strait of Hormuz,30,17,13,1000055,655492,344563
2026-06-27,chokepoint6,Strait of Hormuz,25,9,16,955285,552718,402566
2026-06-28,chokepoint6,Strait of Hormuz,16,7,9,289138,86241,202897
2026-06-29,chokepoint6,Strait of Hormuz,26,13,13,1287883,976186,311697
2026-06-30,chokepoint6,Strait of Hormuz,16,6,10,565738,232679,333059
2026-07-01,chokepoint6,Strait of Hormuz,29,18,11,1582436,1409459,172976
2026-07-02,chokepoint6,Strait of Hormuz,28,15,13,582502,235228,347273
2026-07-03,chokepoint6,Strait of Hormuz,24,17,7,1382128,1127426,254702
2026-07-04,chokepoint6,Strait of Hormuz,17,8,9,545114,353844,191270
2026-07-05,chokepoint6,Strait of Hormuz,22,16,6,892809,782230,110578
2026-07-06,chokepoint6,Strait of Hormuz,25,16,9,2314086,2149176,164909
2026-07-07,chokepoint6,Strait of Hormuz,26,10,16,1407775,1210489,197285
2026-07-08,chokepoint6,Strait of Hormuz,20,8,12,535304,316479,218824
2026-07-09,chokepoint6,Strait of Hormuz,10,3,7,166887,45539,121347
2026-07-10,chokepoint6,Strait of Hormuz,7,4,3,172119,50372,121746
2026-07-11,chokepoint6,Strait of Hormuz,6,3,3,228875,118896,109979
2026-07-12,chokepoint6,Strait of Hormuz,4,1,3,63878,58739,5139
2026-07-13,chokepoint6,Strait of Hormuz,10,2,8,65012,42247,22764
2026-07-14,chokepoint6,Strait of Hormuz,8,5,3,87376,45089,42287
2026-07-15,chokepoint6,Strait of Hormuz,9,3,6,214434,0,214434
2026-07-16,chokepoint6,Strait of Hormuz,6,1,5,28460,0,28460
2026-07-17,chokepoint6,Strait of Hormuz,1,1,0,1231,1231,0
2026-07-18,chokepoint6,Strait of Hormuz,6,2,4,132322,36937,95385
2026-07-19,chokepoint6,Strait of Hormuz,4,2,2,54047,39216,14830
2026-07-20,chokepoint6,Strait of Hormuz,5,2,3,1207,0,1207
2026-07-21,chokepoint6,Strait of Hormuz,6,1,5,71614,43064,28549
2026-07-22,chokepoint6,Strait of Hormuz,6,1,5,35435,0,35435
2026-07-23,chokepoint6,Strait of Hormuz,0,0,0,0,0,0
2026-07-24,chokepoint6,Strait of Hormuz,3,0,3,591,0,591
2026-07-25,chokepoint6,Strait of Hormuz,2,0,2,324,0,324
2026-07-26,chokepoint6,Strait of Hormuz,3,2,1,122054,81157,40897
2026-07-27,chokepoint6,Strait of Hormuz,5,0,5,170314,0,170314
2026-07-28,chokepoint6,Strait of Hormuz,5,1,4,63967,38762,25204
2026-07-29,chokepoint6,Strait of Hormuz,7,3,4,179594,115119,64475
2026-07-30,chokepoint6,Strait of Hormuz,4,1,3,5325,5325,0
2026-07-31,chokepoint6,Strait of Hormuz,8,2,6,470124,282046,188077
2026-08-01,chokepoint6,Strait of Hormuz,5,3,2,3003,3003,0
2026-08-02,chokepoint6,Strait of Hormuz,3,0,3,107354,0,107354
2026-08-03,chokepoint6,Strait of Hormuz,6,3,3,131517,6134,125383
2026-08-04,chokepoint6,Strait of Hormuz,7,4,3,214958,64214,150743
2026-08-05,chokepoint6,Strait of Hormuz,5,0,5,4805,0,4805
2026-08-06,chokepoint6,Strait of Hormuz,2,0,2,25140,0,25140
2026-08-07,chokepoint6,Strait of Hormuz,6,4,2,95136,4245,90890
2026-08-08,chokepoint6,Strait of Hormuz,10,2,8,389245,10939,378306
2026-08-09,chokepoint6,Strait of Hormuz,3,0,3,0,0,0
2026-08-10,chokepoint6,Strait of Hormuz,4,2,2,64034,11478,52556
2026-08-11,chokepoint6,Strait of Hormuz,9,2,7,99876,1067,98808
2026-08-12,chokepoint6,Strait of Hormuz,3,1,2,14580,13189,1391
2026-08-13,chokepoint6,Strait of Hormuz,6,2,4,150650,36112,114538
2026-08-14,chokepoint6,Strait of Hormuz,7,2,5,195694,4395,191299
2026-08-15,chokepoint6,Strait of Hormuz,1,1,0,1067,1067,0
2026-08-16,chokepoint6,Strait of Hormuz,1,1,0,0,0,0
2026-08-17,chokepoint6,Strait of Hormuz,4,3,1,24505,24505,0
2026-08-18,chokepoint6,Strait of Hormuz,6,4,2,312897,0,312897
2026-08-19,chokepoint6,Strait of Hormuz,6,4,2,78931,78587,344
2026-08-20,chokepoint6,Strait of Hormuz,5,2,3,136645,55226,81418
2026-08-21,chokepoint6,Strait of Hormuz,4,2,2,72476,0,72476
2026-08-22,chokepoint6,Strait of Hormuz,7,1,6,184497,0,184497
2026-08-23,chokepoint6,Strait of Hormuz,3,1,2,32472,0,32472
2026-08-24,chokepoint6,Strait of Hormuz,3,2,1,69775,69775,0
2026-08-25,chokepoint6,Strait of Hormuz,4,4,0,56680,56680,0
2026-08-26,chokepoint6,Strait of Hormuz,5,2,3,88102,0,88102
2026-08-27,chokepoint6,Strait of Hormuz,2,2,0,4989,4989,0
2026-08-28,chokepoint6,Strait of Hormuz,7,0,7,151980,0,151980
2026-08-29,chokepoint6,Strait of Hormuz,3,1,2,10089,9744,344
2026-08-30,chokepoint6,Strait of Hormuz,6,2,4,70732,42932,27800
2026-08-31,chokepoint6,Strait of Hormuz,3,1,2,28355,0,28355
2026-09-01,chokepoint6,Strait of Hormuz,4,1,3,63309,14589,48719
2026-09-02,chokepoint6,Strait of Hormuz,3,1,2,115187,45387,69799
2026-09-03,chokepoint6,Strait of Hormuz,2,1,1,116969,44440,72529
2026-09-04,chokepoint6,Strait of Hormuz,2,0,2,53267,0,53267
2026-09-05,chokepoint6,Strait of Hormuz,2,0,2,63174,0,63174
2026-09-06,chokepoint6,Strait of Hormuz,6,2,4,212702,60280,152422
2026-09-07,chokepoint6,Strait of Hormuz,5,2,3,70380,4758,65622
2026-09-08,chokepoint6,Strait of Hormuz,6,2,4,390320,0,390320
2026-09-09,chokepoint6,Strait of Hormuz,3,0,3,0,0,0
2026-09-10,chokepoint6,Strait of Hormuz,5,1,4,30768,0,30768
2026-09-11,chokepoint6,Strait of Hormuz,8,3,5,96001,81604,14396
2026-09-12,chokepoint6,Strait of Hormuz,2,1,1,84568,4771,79797
